,layer_name,sample_id,num_of_injection,misclassifications,experiment
0,classes_conv1_conv,0,128,123,FaultInjection
1,classes_conv1_conv,1,128,126,FaultInjection
2,classes_conv1_conv,2,128,119,FaultInjection
3,classes_conv1_conv,3,128,123,FaultInjection
4,classes_conv1_conv,4,128,118,FaultInjection
5,classes_conv1_conv,5,128,55,FaultInjection
6,classes_conv1_conv,6,128,123,FaultInjection
7,classes_conv1_conv,7,128,127,FaultInjection
8,classes_conv1_conv,8,128,120,FaultInjection
9,classes_conv1_conv,9,128,112,FaultInjection
10,classes_conv2_block1_1_conv,0,128,111,FaultInjection
11,classes_conv2_block1_1_conv,1,128,110,FaultInjection
12,classes_conv2_block1_1_conv,2,128,103,FaultInjection
13,classes_conv2_block1_1_conv,3,128,109,FaultInjection
14,classes_conv2_block1_1_conv,4,128,106,FaultInjection
15,classes_conv2_block1_1_conv,5,128,38,FaultInjection
16,classes_conv2_block1_1_conv,6,128,108,FaultInjection
17,classes_conv2_block1_1_conv,7,128,110,FaultInjection
18,classes_conv2_block1_1_conv,8,128,109,FaultInjection
19,classes_conv2_block1_1_conv,9,128,99,FaultInjection
20,classes_conv2_block1_2_conv,0,128,115,FaultInjection
21,classes_conv2_block1_2_conv,1,128,124,FaultInjection
22,classes_conv2_block1_2_conv,2,128,120,FaultInjection
23,classes_conv2_block1_2_conv,3,128,119,FaultInjection
24,classes_conv2_block1_2_conv,4,128,123,FaultInjection
25,classes_conv2_block1_2_conv,5,128,68,FaultInjection
26,classes_conv2_block1_2_conv,6,128,124,FaultInjection
27,classes_conv2_block1_2_conv,7,128,124,FaultInjection
28,classes_conv2_block1_2_conv,8,128,123,FaultInjection
29,classes_conv2_block1_2_conv,9,128,111,FaultInjection
30,classes_conv2_block1_0_conv,0,128,109,FaultInjection
31,classes_conv2_block1_0_conv,1,128,111,FaultInjection
32,classes_conv2_block1_0_conv,2,128,106,FaultInjection
33,classes_conv2_block1_0_conv,3,128,104,FaultInjection
34,classes_conv2_block1_0_conv,4,128,104,FaultInjection
35,classes_conv2_block1_0_conv,5,128,67,FaultInjection
36,classes_conv2_block1_0_conv,6,128,100,FaultInjection
37,classes_conv2_block1_0_conv,7,128,108,FaultInjection
38,classes_conv2_block1_0_conv,8,128,107,FaultInjection
39,classes_conv2_block1_0_conv,9,128,94,FaultInjection
40,classes_conv2_block1_3_conv,0,128,114,FaultInjection
41,classes_conv2_block1_3_conv,1,128,105,FaultInjection
42,classes_conv2_block1_3_conv,2,128,110,FaultInjection
43,classes_conv2_block1_3_conv,3,128,112,FaultInjection
44,classes_conv2_block1_3_conv,4,128,117,FaultInjection
45,classes_conv2_block1_3_conv,5,128,55,FaultInjection
46,classes_conv2_block1_3_conv,6,128,108,FaultInjection
47,classes_conv2_block1_3_conv,7,128,107,FaultInjection
48,classes_conv2_block1_3_conv,8,128,111,FaultInjection
49,classes_conv2_block1_3_conv,9,128,104,FaultInjection
50,classes_conv2_block2_1_conv,0,128,107,FaultInjection
51,classes_conv2_block2_1_conv,1,128,102,FaultInjection
52,classes_conv2_block2_1_conv,2,128,107,FaultInjection
53,classes_conv2_block2_1_conv,3,128,109,FaultInjection
54,classes_conv2_block2_1_conv,4,128,107,FaultInjection
55,classes_conv2_block2_1_conv,5,128,52,FaultInjection
56,classes_conv2_block2_1_conv,6,128,112,FaultInjection
57,classes_conv2_block2_1_conv,7,128,108,FaultInjection
58,classes_conv2_block2_1_conv,8,128,111,FaultInjection
59,classes_conv2_block2_1_conv,9,128,89,FaultInjection
60,classes_conv2_block2_2_conv,0,128,122,FaultInjection
61,classes_conv2_block2_2_conv,1,128,120,FaultInjection
62,classes_conv2_block2_2_conv,2,128,122,FaultInjection
63,classes_conv2_block2_2_conv,3,128,123,FaultInjection
64,classes_conv2_block2_2_conv,4,128,118,FaultInjection
65,classes_conv2_block2_2_conv,5,128,71,FaultInjection
66,classes_conv2_block2_2_conv,6,128,123,FaultInjection
67,classes_conv2_block2_2_conv,7,128,127,FaultInjection
68,classes_conv2_block2_2_conv,8,128,125,FaultInjection
69,classes_conv2_block2_2_conv,9,128,109,FaultInjection
70,classes_conv2_block2_3_conv,0,128,106,FaultInjection
71,classes_conv2_block2_3_conv,1,128,103,FaultInjection
72,classes_conv2_block2_3_conv,2,128,113,FaultInjection
73,classes_conv2_block2_3_conv,3,128,110,FaultInjection
74,classes_conv2_block2_3_conv,4,128,108,FaultInjection
75,classes_conv2_block2_3_conv,5,128,47,FaultInjection
76,classes_conv2_block2_3_conv,6,128,109,FaultInjection
77,classes_conv2_block2_3_conv,7,128,114,FaultInjection
78,classes_conv2_block2_3_conv,8,128,109,FaultInjection
79,classes_conv2_block2_3_conv,9,128,107,FaultInjection
80,classes_conv2_block3_1_conv,0,128,100,FaultInjection
81,classes_conv2_block3_1_conv,1,128,111,FaultInjection
82,classes_conv2_block3_1_conv,2,128,104,FaultInjection
83,classes_conv2_block3_1_conv,3,128,109,FaultInjection
84,classes_conv2_block3_1_conv,4,128,105,FaultInjection
85,classes_conv2_block3_1_conv,5,128,47,FaultInjection
86,classes_conv2_block3_1_conv,6,128,98,FaultInjection
87,classes_conv2_block3_1_conv,7,128,98,FaultInjection
88,classes_conv2_block3_1_conv,8,128,107,FaultInjection
89,classes_conv2_block3_1_conv,9,128,104,FaultInjection
90,classes_conv2_block3_2_conv,0,128,78,FaultInjection
91,classes_conv2_block3_2_conv,1,128,86,FaultInjection
92,classes_conv2_block3_2_conv,2,128,82,FaultInjection
93,classes_conv2_block3_2_conv,3,128,68,FaultInjection
94,classes_conv2_block3_2_conv,4,128,81,FaultInjection
95,classes_conv2_block3_2_conv,5,128,55,FaultInjection
96,classes_conv2_block3_2_conv,6,128,85,FaultInjection
97,classes_conv2_block3_2_conv,7,128,78,FaultInjection
98,classes_conv2_block3_2_conv,8,128,78,FaultInjection
99,classes_conv2_block3_2_conv,9,128,66,FaultInjection
100,classes_conv2_block3_3_conv,0,128,50,FaultInjection
101,classes_conv2_block3_3_conv,1,128,50,FaultInjection
102,classes_conv2_block3_3_conv,2,128,60,FaultInjection
103,classes_conv2_block3_3_conv,3,128,50,FaultInjection
104,classes_conv2_block3_3_conv,4,128,49,FaultInjection
105,classes_conv2_block3_3_conv,5,128,28,FaultInjection
106,classes_conv2_block3_3_conv,6,128,54,FaultInjection
107,classes_conv2_block3_3_conv,7,128,59,FaultInjection
108,classes_conv2_block3_3_conv,8,128,55,FaultInjection
109,classes_conv2_block3_3_conv,9,128,50,FaultInjection
110,classes_conv3_block1_1_conv,0,128,122,FaultInjection
111,classes_conv3_block1_1_conv,1,128,119,FaultInjection
112,classes_conv3_block1_1_conv,2,128,125,FaultInjection
113,classes_conv3_block1_1_conv,3,128,124,FaultInjection
114,classes_conv3_block1_1_conv,4,128,118,FaultInjection
115,classes_conv3_block1_1_conv,5,128,68,FaultInjection
116,classes_conv3_block1_1_conv,6,128,120,FaultInjection
117,classes_conv3_block1_1_conv,7,128,125,FaultInjection
118,classes_conv3_block1_1_conv,8,128,125,FaultInjection
119,classes_conv3_block1_1_conv,9,128,111,FaultInjection
120,classes_conv3_block1_2_conv,0,128,124,FaultInjection
121,classes_conv3_block1_2_conv,1,128,119,FaultInjection
122,classes_conv3_block1_2_conv,2,128,120,FaultInjection
123,classes_conv3_block1_2_conv,3,128,124,FaultInjection
124,classes_conv3_block1_2_conv,4,128,121,FaultInjection
125,classes_conv3_block1_2_conv,5,128,61,FaultInjection
126,classes_conv3_block1_2_conv,6,128,123,FaultInjection
127,classes_conv3_block1_2_conv,7,128,120,FaultInjection
128,classes_conv3_block1_2_conv,8,128,125,FaultInjection
129,classes_conv3_block1_2_conv,9,128,111,FaultInjection
130,classes_conv3_block1_0_conv,0,128,125,FaultInjection
131,classes_conv3_block1_0_conv,1,128,125,FaultInjection
132,classes_conv3_block1_0_conv,2,128,123,FaultInjection
133,classes_conv3_block1_0_conv,3,128,124,FaultInjection
134,classes_conv3_block1_0_conv,4,128,122,FaultInjection
135,classes_conv3_block1_0_conv,5,128,67,FaultInjection
136,classes_conv3_block1_0_conv,6,128,123,FaultInjection
137,classes_conv3_block1_0_conv,7,128,122,FaultInjection
138,classes_conv3_block1_0_conv,8,128,124,FaultInjection
139,classes_conv3_block1_0_conv,9,128,117,FaultInjection
140,classes_conv3_block1_3_conv,0,128,107,FaultInjection
141,classes_conv3_block1_3_conv,1,128,104,FaultInjection
142,classes_conv3_block1_3_conv,2,128,101,FaultInjection
143,classes_conv3_block1_3_conv,3,128,105,FaultInjection
144,classes_conv3_block1_3_conv,4,128,104,FaultInjection
145,classes_conv3_block1_3_conv,5,128,56,FaultInjection
146,classes_conv3_block1_3_conv,6,128,110,FaultInjection
147,classes_conv3_block1_3_conv,7,128,103,FaultInjection
148,classes_conv3_block1_3_conv,8,128,102,FaultInjection
149,classes_conv3_block1_3_conv,9,128,93,FaultInjection
150,classes_conv3_block2_1_conv,0,128,108,FaultInjection
151,classes_conv3_block2_1_conv,1,128,104,FaultInjection
152,classes_conv3_block2_1_conv,2,128,102,FaultInjection
153,classes_conv3_block2_1_conv,3,128,109,FaultInjection
154,classes_conv3_block2_1_conv,4,128,108,FaultInjection
155,classes_conv3_block2_1_conv,5,128,65,FaultInjection
156,classes_conv3_block2_1_conv,6,128,111,FaultInjection
157,classes_conv3_block2_1_conv,7,128,107,FaultInjection
158,classes_conv3_block2_1_conv,8,128,105,FaultInjection
159,classes_conv3_block2_1_conv,9,128,103,FaultInjection
160,classes_conv3_block2_2_conv,0,128,123,FaultInjection
161,classes_conv3_block2_2_conv,1,128,120,FaultInjection
162,classes_conv3_block2_2_conv,2,128,125,FaultInjection
163,classes_conv3_block2_2_conv,3,128,124,FaultInjection
164,classes_conv3_block2_2_conv,4,128,122,FaultInjection
165,classes_conv3_block2_2_conv,5,128,68,FaultInjection
166,classes_conv3_block2_2_conv,6,128,127,FaultInjection
167,classes_conv3_block2_2_conv,7,128,121,FaultInjection
168,classes_conv3_block2_2_conv,8,128,125,FaultInjection
169,classes_conv3_block2_2_conv,9,128,118,FaultInjection
170,classes_conv3_block2_3_conv,0,128,106,FaultInjection
171,classes_conv3_block2_3_conv,1,128,111,FaultInjection
172,classes_conv3_block2_3_conv,2,128,110,FaultInjection
173,classes_conv3_block2_3_conv,3,128,101,FaultInjection
174,classes_conv3_block2_3_conv,4,128,105,FaultInjection
175,classes_conv3_block2_3_conv,5,128,52,FaultInjection
176,classes_conv3_block2_3_conv,6,128,108,FaultInjection
177,classes_conv3_block2_3_conv,7,128,103,FaultInjection
178,classes_conv3_block2_3_conv,8,128,111,FaultInjection
179,classes_conv3_block2_3_conv,9,128,100,FaultInjection
180,classes_conv3_block3_1_conv,0,128,105,FaultInjection
181,classes_conv3_block3_1_conv,1,128,101,FaultInjection
182,classes_conv3_block3_1_conv,2,128,115,FaultInjection
183,classes_conv3_block3_1_conv,3,128,98,FaultInjection
184,classes_conv3_block3_1_conv,4,128,100,FaultInjection
185,classes_conv3_block3_1_conv,5,128,24,FaultInjection
186,classes_conv3_block3_1_conv,6,128,113,FaultInjection
187,classes_conv3_block3_1_conv,7,128,106,FaultInjection
188,classes_conv3_block3_1_conv,8,128,109,FaultInjection
189,classes_conv3_block3_1_conv,9,128,89,FaultInjection
190,classes_conv3_block3_2_conv,0,128,126,FaultInjection
191,classes_conv3_block3_2_conv,1,128,118,FaultInjection
192,classes_conv3_block3_2_conv,2,128,123,FaultInjection
193,classes_conv3_block3_2_conv,3,128,123,FaultInjection
194,classes_conv3_block3_2_conv,4,128,125,FaultInjection
195,classes_conv3_block3_2_conv,5,128,64,FaultInjection
196,classes_conv3_block3_2_conv,6,128,121,FaultInjection
197,classes_conv3_block3_2_conv,7,128,124,FaultInjection
198,classes_conv3_block3_2_conv,8,128,122,FaultInjection
199,classes_conv3_block3_2_conv,9,128,121,FaultInjection
200,classes_conv3_block3_3_conv,0,128,108,FaultInjection
201,classes_conv3_block3_3_conv,1,128,111,FaultInjection
202,classes_conv3_block3_3_conv,2,128,105,FaultInjection
203,classes_conv3_block3_3_conv,3,128,111,FaultInjection
204,classes_conv3_block3_3_conv,4,128,103,FaultInjection
205,classes_conv3_block3_3_conv,5,128,55,FaultInjection
206,classes_conv3_block3_3_conv,6,128,104,FaultInjection
207,classes_conv3_block3_3_conv,7,128,117,FaultInjection
208,classes_conv3_block3_3_conv,8,128,108,FaultInjection
209,classes_conv3_block3_3_conv,9,128,103,FaultInjection
210,classes_conv3_block4_1_conv,0,128,110,FaultInjection
211,classes_conv3_block4_1_conv,1,128,109,FaultInjection
212,classes_conv3_block4_1_conv,2,128,107,FaultInjection
213,classes_conv3_block4_1_conv,3,128,111,FaultInjection
214,classes_conv3_block4_1_conv,4,128,111,FaultInjection
215,classes_conv3_block4_1_conv,5,128,47,FaultInjection
216,classes_conv3_block4_1_conv,6,128,109,FaultInjection
217,classes_conv3_block4_1_conv,7,128,106,FaultInjection
218,classes_conv3_block4_1_conv,8,128,111,FaultInjection
219,classes_conv3_block4_1_conv,9,128,103,FaultInjection
220,classes_conv3_block4_2_conv,0,128,81,FaultInjection
221,classes_conv3_block4_2_conv,1,128,79,FaultInjection
222,classes_conv3_block4_2_conv,2,128,80,FaultInjection
223,classes_conv3_block4_2_conv,3,128,75,FaultInjection
224,classes_conv3_block4_2_conv,4,128,77,FaultInjection
225,classes_conv3_block4_2_conv,5,128,52,FaultInjection
226,classes_conv3_block4_2_conv,6,128,84,FaultInjection
227,classes_conv3_block4_2_conv,7,128,78,FaultInjection
228,classes_conv3_block4_2_conv,8,128,74,FaultInjection
229,classes_conv3_block4_2_conv,9,128,60,FaultInjection
230,classes_conv3_block4_3_conv,0,128,60,FaultInjection
231,classes_conv3_block4_3_conv,1,128,46,FaultInjection
232,classes_conv3_block4_3_conv,2,128,49,FaultInjection
233,classes_conv3_block4_3_conv,3,128,55,FaultInjection
234,classes_conv3_block4_3_conv,4,128,45,FaultInjection
235,classes_conv3_block4_3_conv,5,128,39,FaultInjection
236,classes_conv3_block4_3_conv,6,128,53,FaultInjection
237,classes_conv3_block4_3_conv,7,128,52,FaultInjection
238,classes_conv3_block4_3_conv,8,128,50,FaultInjection
239,classes_conv3_block4_3_conv,9,128,48,FaultInjection
240,classes_conv4_block1_1_conv,0,128,117,FaultInjection
241,classes_conv4_block1_1_conv,1,128,125,FaultInjection
242,classes_conv4_block1_1_conv,2,128,112,FaultInjection
243,classes_conv4_block1_1_conv,3,128,123,FaultInjection
244,classes_conv4_block1_1_conv,4,128,127,FaultInjection
245,classes_conv4_block1_1_conv,5,128,71,FaultInjection
246,classes_conv4_block1_1_conv,6,128,123,FaultInjection
247,classes_conv4_block1_1_conv,7,128,121,FaultInjection
248,classes_conv4_block1_1_conv,8,128,122,FaultInjection
249,classes_conv4_block1_1_conv,9,128,99,FaultInjection
250,classes_conv4_block1_2_conv,0,128,118,FaultInjection
251,classes_conv4_block1_2_conv,1,128,122,FaultInjection
252,classes_conv4_block1_2_conv,2,128,120,FaultInjection
253,classes_conv4_block1_2_conv,3,128,118,FaultInjection
254,classes_conv4_block1_2_conv,4,128,120,FaultInjection
255,classes_conv4_block1_2_conv,5,128,87,FaultInjection
256,classes_conv4_block1_2_conv,6,128,125,FaultInjection
257,classes_conv4_block1_2_conv,7,128,125,FaultInjection
258,classes_conv4_block1_2_conv,8,128,120,FaultInjection
259,classes_conv4_block1_2_conv,9,128,122,FaultInjection
260,classes_conv4_block1_0_conv,0,128,122,FaultInjection
261,classes_conv4_block1_0_conv,1,128,125,FaultInjection
262,classes_conv4_block1_0_conv,2,128,121,FaultInjection
263,classes_conv4_block1_0_conv,3,128,122,FaultInjection
264,classes_conv4_block1_0_conv,4,128,121,FaultInjection
265,classes_conv4_block1_0_conv,5,128,69,FaultInjection
266,classes_conv4_block1_0_conv,6,128,125,FaultInjection
267,classes_conv4_block1_0_conv,7,128,122,FaultInjection
268,classes_conv4_block1_0_conv,8,128,123,FaultInjection
269,classes_conv4_block1_0_conv,9,128,124,FaultInjection
270,classes_conv4_block1_3_conv,0,128,94,FaultInjection
271,classes_conv4_block1_3_conv,1,128,95,FaultInjection
272,classes_conv4_block1_3_conv,2,128,99,FaultInjection
273,classes_conv4_block1_3_conv,3,128,93,FaultInjection
274,classes_conv4_block1_3_conv,4,128,92,FaultInjection
275,classes_conv4_block1_3_conv,5,128,49,FaultInjection
276,classes_conv4_block1_3_conv,6,128,100,FaultInjection
277,classes_conv4_block1_3_conv,7,128,92,FaultInjection
278,classes_conv4_block1_3_conv,8,128,104,FaultInjection
279,classes_conv4_block1_3_conv,9,128,100,FaultInjection
280,classes_conv4_block2_1_conv,0,128,90,FaultInjection
281,classes_conv4_block2_1_conv,1,128,103,FaultInjection
282,classes_conv4_block2_1_conv,2,128,97,FaultInjection
283,classes_conv4_block2_1_conv,3,128,93,FaultInjection
284,classes_conv4_block2_1_conv,4,128,92,FaultInjection
285,classes_conv4_block2_1_conv,5,128,57,FaultInjection
286,classes_conv4_block2_1_conv,6,128,95,FaultInjection
287,classes_conv4_block2_1_conv,7,128,102,FaultInjection
288,classes_conv4_block2_1_conv,8,128,88,FaultInjection
289,classes_conv4_block2_1_conv,9,128,94,FaultInjection
290,classes_conv4_block2_2_conv,0,128,127,FaultInjection
291,classes_conv4_block2_2_conv,1,128,126,FaultInjection
292,classes_conv4_block2_2_conv,2,128,123,FaultInjection
293,classes_conv4_block2_2_conv,3,128,116,FaultInjection
294,classes_conv4_block2_2_conv,4,128,123,FaultInjection
295,classes_conv4_block2_2_conv,5,128,91,FaultInjection
296,classes_conv4_block2_2_conv,6,128,123,FaultInjection
297,classes_conv4_block2_2_conv,7,128,126,FaultInjection
298,classes_conv4_block2_2_conv,8,128,125,FaultInjection
299,classes_conv4_block2_2_conv,9,128,124,FaultInjection
300,classes_conv4_block2_3_conv,0,128,98,FaultInjection
301,classes_conv4_block2_3_conv,1,128,101,FaultInjection
302,classes_conv4_block2_3_conv,2,128,102,FaultInjection
303,classes_conv4_block2_3_conv,3,128,88,FaultInjection
304,classes_conv4_block2_3_conv,4,128,97,FaultInjection
305,classes_conv4_block2_3_conv,5,128,60,FaultInjection
306,classes_conv4_block2_3_conv,6,128,100,FaultInjection
307,classes_conv4_block2_3_conv,7,128,103,FaultInjection
308,classes_conv4_block2_3_conv,8,128,92,FaultInjection
309,classes_conv4_block2_3_conv,9,128,104,FaultInjection
310,classes_conv4_block3_1_conv,0,128,99,FaultInjection
311,classes_conv4_block3_1_conv,1,128,91,FaultInjection
312,classes_conv4_block3_1_conv,2,128,96,FaultInjection
313,classes_conv4_block3_1_conv,3,128,92,FaultInjection
314,classes_conv4_block3_1_conv,4,128,96,FaultInjection
315,classes_conv4_block3_1_conv,5,128,71,FaultInjection
316,classes_conv4_block3_1_conv,6,128,98,FaultInjection
317,classes_conv4_block3_1_conv,7,128,101,FaultInjection
318,classes_conv4_block3_1_conv,8,128,94,FaultInjection
319,classes_conv4_block3_1_conv,9,128,89,FaultInjection
320,classes_conv4_block3_2_conv,0,128,121,FaultInjection
321,classes_conv4_block3_2_conv,1,128,126,FaultInjection
322,classes_conv4_block3_2_conv,2,128,122,FaultInjection
323,classes_conv4_block3_2_conv,3,128,115,FaultInjection
324,classes_conv4_block3_2_conv,4,128,119,FaultInjection
325,classes_conv4_block3_2_conv,5,128,95,FaultInjection
326,classes_conv4_block3_2_conv,6,128,121,FaultInjection
327,classes_conv4_block3_2_conv,7,128,125,FaultInjection
328,classes_conv4_block3_2_conv,8,128,122,FaultInjection
329,classes_conv4_block3_2_conv,9,128,109,FaultInjection
330,classes_conv4_block3_3_conv,0,128,98,FaultInjection
331,classes_conv4_block3_3_conv,1,128,108,FaultInjection
332,classes_conv4_block3_3_conv,2,128,95,FaultInjection
333,classes_conv4_block3_3_conv,3,128,86,FaultInjection
334,classes_conv4_block3_3_conv,4,128,93,FaultInjection
335,classes_conv4_block3_3_conv,5,128,77,FaultInjection
336,classes_conv4_block3_3_conv,6,128,96,FaultInjection
337,classes_conv4_block3_3_conv,7,128,97,FaultInjection
338,classes_conv4_block3_3_conv,8,128,97,FaultInjection
339,classes_conv4_block3_3_conv,9,128,88,FaultInjection
340,classes_conv4_block4_1_conv,0,128,83,FaultInjection
341,classes_conv4_block4_1_conv,1,128,84,FaultInjection
342,classes_conv4_block4_1_conv,2,128,104,FaultInjection
343,classes_conv4_block4_1_conv,3,128,97,FaultInjection
344,classes_conv4_block4_1_conv,4,128,90,FaultInjection
345,classes_conv4_block4_1_conv,5,128,45,FaultInjection
346,classes_conv4_block4_1_conv,6,128,95,FaultInjection
347,classes_conv4_block4_1_conv,7,128,95,FaultInjection
348,classes_conv4_block4_1_conv,8,128,82,FaultInjection
349,classes_conv4_block4_1_conv,9,128,87,FaultInjection
350,classes_conv4_block4_2_conv,0,128,121,FaultInjection
351,classes_conv4_block4_2_conv,1,128,127,FaultInjection
352,classes_conv4_block4_2_conv,2,128,123,FaultInjection
353,classes_conv4_block4_2_conv,3,128,123,FaultInjection
354,classes_conv4_block4_2_conv,4,128,124,FaultInjection
355,classes_conv4_block4_2_conv,5,128,96,FaultInjection
356,classes_conv4_block4_2_conv,6,128,123,FaultInjection
357,classes_conv4_block4_2_conv,7,128,120,FaultInjection
358,classes_conv4_block4_2_conv,8,128,123,FaultInjection
359,classes_conv4_block4_2_conv,9,128,113,FaultInjection
360,classes_conv4_block4_3_conv,0,128,97,FaultInjection
361,classes_conv4_block4_3_conv,1,128,102,FaultInjection
362,classes_conv4_block4_3_conv,2,128,93,FaultInjection
363,classes_conv4_block4_3_conv,3,128,74,FaultInjection
364,classes_conv4_block4_3_conv,4,128,88,FaultInjection
365,classes_conv4_block4_3_conv,5,128,89,FaultInjection
366,classes_conv4_block4_3_conv,6,128,90,FaultInjection
367,classes_conv4_block4_3_conv,7,128,98,FaultInjection
368,classes_conv4_block4_3_conv,8,128,97,FaultInjection
369,classes_conv4_block4_3_conv,9,128,97,FaultInjection
370,classes_conv4_block5_1_conv,0,128,99,FaultInjection
371,classes_conv4_block5_1_conv,1,128,88,FaultInjection
372,classes_conv4_block5_1_conv,2,128,105,FaultInjection
373,classes_conv4_block5_1_conv,3,128,101,FaultInjection
374,classes_conv4_block5_1_conv,4,128,93,FaultInjection
375,classes_conv4_block5_1_conv,5,128,56,FaultInjection
376,classes_conv4_block5_1_conv,6,128,99,FaultInjection
377,classes_conv4_block5_1_conv,7,128,90,FaultInjection
378,classes_conv4_block5_1_conv,8,128,91,FaultInjection
379,classes_conv4_block5_1_conv,9,128,89,FaultInjection
380,classes_conv4_block5_2_conv,0,128,121,FaultInjection
381,classes_conv4_block5_2_conv,1,128,123,FaultInjection
382,classes_conv4_block5_2_conv,2,128,124,FaultInjection
383,classes_conv4_block5_2_conv,3,128,95,FaultInjection
384,classes_conv4_block5_2_conv,4,128,123,FaultInjection
385,classes_conv4_block5_2_conv,5,128,87,FaultInjection
386,classes_conv4_block5_2_conv,6,128,123,FaultInjection
387,classes_conv4_block5_2_conv,7,128,122,FaultInjection
388,classes_conv4_block5_2_conv,8,128,123,FaultInjection
389,classes_conv4_block5_2_conv,9,128,122,FaultInjection
390,classes_conv4_block5_3_conv,0,128,94,FaultInjection
391,classes_conv4_block5_3_conv,1,128,103,FaultInjection
392,classes_conv4_block5_3_conv,2,128,94,FaultInjection
393,classes_conv4_block5_3_conv,3,128,78,FaultInjection
394,classes_conv4_block5_3_conv,4,128,100,FaultInjection
395,classes_conv4_block5_3_conv,5,128,74,FaultInjection
396,classes_conv4_block5_3_conv,6,128,96,FaultInjection
397,classes_conv4_block5_3_conv,7,128,102,FaultInjection
398,classes_conv4_block5_3_conv,8,128,90,FaultInjection
399,classes_conv4_block5_3_conv,9,128,98,FaultInjection
400,classes_conv4_block6_1_conv,0,128,105,FaultInjection
401,classes_conv4_block6_1_conv,1,128,96,FaultInjection
402,classes_conv4_block6_1_conv,2,128,97,FaultInjection
403,classes_conv4_block6_1_conv,3,128,79,FaultInjection
404,classes_conv4_block6_1_conv,4,128,96,FaultInjection
405,classes_conv4_block6_1_conv,5,128,92,FaultInjection
406,classes_conv4_block6_1_conv,6,128,92,FaultInjection
407,classes_conv4_block6_1_conv,7,128,96,FaultInjection
408,classes_conv4_block6_1_conv,8,128,101,FaultInjection
409,classes_conv4_block6_1_conv,9,128,102,FaultInjection
410,classes_conv4_block6_2_conv,0,128,81,FaultInjection
411,classes_conv4_block6_2_conv,1,128,80,FaultInjection
412,classes_conv4_block6_2_conv,2,128,81,FaultInjection
413,classes_conv4_block6_2_conv,3,128,58,FaultInjection
414,classes_conv4_block6_2_conv,4,128,74,FaultInjection
415,classes_conv4_block6_2_conv,5,128,68,FaultInjection
416,classes_conv4_block6_2_conv,6,128,75,FaultInjection
417,classes_conv4_block6_2_conv,7,128,79,FaultInjection
418,classes_conv4_block6_2_conv,8,128,71,FaultInjection
419,classes_conv4_block6_2_conv,9,128,72,FaultInjection
420,classes_conv4_block6_3_conv,0,128,39,FaultInjection
421,classes_conv4_block6_3_conv,1,128,42,FaultInjection
422,classes_conv4_block6_3_conv,2,128,45,FaultInjection
423,classes_conv4_block6_3_conv,3,128,32,FaultInjection
424,classes_conv4_block6_3_conv,4,128,43,FaultInjection
425,classes_conv4_block6_3_conv,5,128,44,FaultInjection
426,classes_conv4_block6_3_conv,6,128,43,FaultInjection
427,classes_conv4_block6_3_conv,7,128,45,FaultInjection
428,classes_conv4_block6_3_conv,8,128,48,FaultInjection
429,classes_conv4_block6_3_conv,9,128,36,FaultInjection
430,classes_conv5_block1_1_conv,0,128,121,FaultInjection
431,classes_conv5_block1_1_conv,1,128,124,FaultInjection
432,classes_conv5_block1_1_conv,2,128,124,FaultInjection
433,classes_conv5_block1_1_conv,3,128,107,FaultInjection
434,classes_conv5_block1_1_conv,4,128,123,FaultInjection
435,classes_conv5_block1_1_conv,5,128,122,FaultInjection
436,classes_conv5_block1_1_conv,6,128,123,FaultInjection
437,classes_conv5_block1_1_conv,7,128,120,FaultInjection
438,classes_conv5_block1_1_conv,8,128,122,FaultInjection
439,classes_conv5_block1_1_conv,9,128,119,FaultInjection
440,classes_conv5_block1_2_conv,0,128,124,FaultInjection
441,classes_conv5_block1_2_conv,1,128,123,FaultInjection
442,classes_conv5_block1_2_conv,2,128,118,FaultInjection
443,classes_conv5_block1_2_conv,3,128,122,FaultInjection
444,classes_conv5_block1_2_conv,4,128,123,FaultInjection
445,classes_conv5_block1_2_conv,5,128,114,FaultInjection
446,classes_conv5_block1_2_conv,6,128,124,FaultInjection
447,classes_conv5_block1_2_conv,7,128,126,FaultInjection
448,classes_conv5_block1_2_conv,8,128,126,FaultInjection
449,classes_conv5_block1_2_conv,9,128,123,FaultInjection
450,classes_conv5_block1_0_conv,0,128,122,FaultInjection
451,classes_conv5_block1_0_conv,1,128,126,FaultInjection
452,classes_conv5_block1_0_conv,2,128,119,FaultInjection
453,classes_conv5_block1_0_conv,3,128,125,FaultInjection
454,classes_conv5_block1_0_conv,4,128,122,FaultInjection
455,classes_conv5_block1_0_conv,5,128,99,FaultInjection
456,classes_conv5_block1_0_conv,6,128,124,FaultInjection
457,classes_conv5_block1_0_conv,7,128,107,FaultInjection
458,classes_conv5_block1_0_conv,8,128,124,FaultInjection
459,classes_conv5_block1_0_conv,9,128,123,FaultInjection
460,classes_conv5_block1_3_conv,0,128,91,FaultInjection
461,classes_conv5_block1_3_conv,1,128,82,FaultInjection
462,classes_conv5_block1_3_conv,2,128,86,FaultInjection
463,classes_conv5_block1_3_conv,3,128,95,FaultInjection
464,classes_conv5_block1_3_conv,4,128,86,FaultInjection
465,classes_conv5_block1_3_conv,5,128,70,FaultInjection
466,classes_conv5_block1_3_conv,6,128,93,FaultInjection
467,classes_conv5_block1_3_conv,7,128,91,FaultInjection
468,classes_conv5_block1_3_conv,8,128,97,FaultInjection
469,classes_conv5_block1_3_conv,9,128,103,FaultInjection
470,classes_conv5_block2_1_conv,0,128,87,FaultInjection
471,classes_conv5_block2_1_conv,1,128,89,FaultInjection
472,classes_conv5_block2_1_conv,2,128,83,FaultInjection
473,classes_conv5_block2_1_conv,3,128,84,FaultInjection
474,classes_conv5_block2_1_conv,4,128,87,FaultInjection
475,classes_conv5_block2_1_conv,5,128,81,FaultInjection
476,classes_conv5_block2_1_conv,6,128,81,FaultInjection
477,classes_conv5_block2_1_conv,7,128,85,FaultInjection
478,classes_conv5_block2_1_conv,8,128,89,FaultInjection
479,classes_conv5_block2_1_conv,9,128,93,FaultInjection
480,classes_conv5_block2_2_conv,0,128,125,FaultInjection
481,classes_conv5_block2_2_conv,1,128,125,FaultInjection
482,classes_conv5_block2_2_conv,2,128,126,FaultInjection
483,classes_conv5_block2_2_conv,3,128,121,FaultInjection
484,classes_conv5_block2_2_conv,4,128,124,FaultInjection
485,classes_conv5_block2_2_conv,5,128,124,FaultInjection
486,classes_conv5_block2_2_conv,6,128,119,FaultInjection
487,classes_conv5_block2_2_conv,7,128,108,FaultInjection
488,classes_conv5_block2_2_conv,8,128,124,FaultInjection
489,classes_conv5_block2_2_conv,9,128,124,FaultInjection
490,classes_conv5_block2_3_conv,0,128,81,FaultInjection
491,classes_conv5_block2_3_conv,1,128,75,FaultInjection
492,classes_conv5_block2_3_conv,2,128,80,FaultInjection
493,classes_conv5_block2_3_conv,3,128,80,FaultInjection
494,classes_conv5_block2_3_conv,4,128,94,FaultInjection
495,classes_conv5_block2_3_conv,5,128,73,FaultInjection
496,classes_conv5_block2_3_conv,6,128,79,FaultInjection
497,classes_conv5_block2_3_conv,7,128,68,FaultInjection
498,classes_conv5_block2_3_conv,8,128,76,FaultInjection
499,classes_conv5_block2_3_conv,9,128,74,FaultInjection
500,classes_conv5_block3_1_conv,0,128,83,FaultInjection
501,classes_conv5_block3_1_conv,1,128,82,FaultInjection
502,classes_conv5_block3_1_conv,2,128,85,FaultInjection
503,classes_conv5_block3_1_conv,3,128,88,FaultInjection
504,classes_conv5_block3_1_conv,4,128,88,FaultInjection
505,classes_conv5_block3_1_conv,5,128,74,FaultInjection
506,classes_conv5_block3_1_conv,6,128,89,FaultInjection
507,classes_conv5_block3_1_conv,7,128,60,FaultInjection
508,classes_conv5_block3_1_conv,8,128,71,FaultInjection
509,classes_conv5_block3_1_conv,9,128,80,FaultInjection
510,classes_conv5_block3_2_conv,0,128,123,FaultInjection
511,classes_conv5_block3_2_conv,1,128,120,FaultInjection
512,classes_conv5_block3_2_conv,2,128,118,FaultInjection
513,classes_conv5_block3_2_conv,3,128,121,FaultInjection
514,classes_conv5_block3_2_conv,4,128,124,FaultInjection
515,classes_conv5_block3_2_conv,5,128,118,FaultInjection
516,classes_conv5_block3_2_conv,6,128,121,FaultInjection
517,classes_conv5_block3_2_conv,7,128,99,FaultInjection
518,classes_conv5_block3_2_conv,8,128,122,FaultInjection
519,classes_conv5_block3_2_conv,9,128,125,FaultInjection
520,classes_conv5_block3_3_conv,0,128,85,FaultInjection
521,classes_conv5_block3_3_conv,1,128,83,FaultInjection
522,classes_conv5_block3_3_conv,2,128,71,FaultInjection
523,classes_conv5_block3_3_conv,3,128,82,FaultInjection
524,classes_conv5_block3_3_conv,4,128,86,FaultInjection
525,classes_conv5_block3_3_conv,5,128,81,FaultInjection
526,classes_conv5_block3_3_conv,6,128,93,FaultInjection
527,classes_conv5_block3_3_conv,7,128,76,FaultInjection
528,classes_conv5_block3_3_conv,8,128,86,FaultInjection
529,classes_conv5_block3_3_conv,9,128,73,FaultInjection
0,classes_conv1_conv,0,128,0,Ranger_Clipping_Layer
1,classes_conv1_conv,1,128,0,Ranger_Clipping_Layer
2,classes_conv1_conv,2,128,0,Ranger_Clipping_Layer
3,classes_conv1_conv,3,128,0,Ranger_Clipping_Layer
4,classes_conv1_conv,4,128,0,Ranger_Clipping_Layer
5,classes_conv1_conv,5,128,0,Ranger_Clipping_Layer
6,classes_conv1_conv,6,128,0,Ranger_Clipping_Layer
7,classes_conv1_conv,7,128,0,Ranger_Clipping_Layer
8,classes_conv1_conv,8,128,0,Ranger_Clipping_Layer
9,classes_conv1_conv,9,128,0,Ranger_Clipping_Layer
10,classes_conv2_block1_1_conv,0,128,0,Ranger_Clipping_Layer
11,classes_conv2_block1_1_conv,1,128,0,Ranger_Clipping_Layer
12,classes_conv2_block1_1_conv,2,128,0,Ranger_Clipping_Layer
13,classes_conv2_block1_1_conv,3,128,0,Ranger_Clipping_Layer
14,classes_conv2_block1_1_conv,4,128,0,Ranger_Clipping_Layer
15,classes_conv2_block1_1_conv,5,128,0,Ranger_Clipping_Layer
16,classes_conv2_block1_1_conv,6,128,0,Ranger_Clipping_Layer
17,classes_conv2_block1_1_conv,7,128,0,Ranger_Clipping_Layer
18,classes_conv2_block1_1_conv,8,128,0,Ranger_Clipping_Layer
19,classes_conv2_block1_1_conv,9,128,0,Ranger_Clipping_Layer
20,classes_conv2_block1_2_conv,0,128,0,Ranger_Clipping_Layer
21,classes_conv2_block1_2_conv,1,128,0,Ranger_Clipping_Layer
22,classes_conv2_block1_2_conv,2,128,0,Ranger_Clipping_Layer
23,classes_conv2_block1_2_conv,3,128,0,Ranger_Clipping_Layer
24,classes_conv2_block1_2_conv,4,128,0,Ranger_Clipping_Layer
25,classes_conv2_block1_2_conv,5,128,0,Ranger_Clipping_Layer
26,classes_conv2_block1_2_conv,6,128,0,Ranger_Clipping_Layer
27,classes_conv2_block1_2_conv,7,128,0,Ranger_Clipping_Layer
28,classes_conv2_block1_2_conv,8,128,0,Ranger_Clipping_Layer
29,classes_conv2_block1_2_conv,9,128,0,Ranger_Clipping_Layer
30,classes_conv2_block1_0_conv,0,128,0,Ranger_Clipping_Layer
31,classes_conv2_block1_0_conv,1,128,0,Ranger_Clipping_Layer
32,classes_conv2_block1_0_conv,2,128,0,Ranger_Clipping_Layer
33,classes_conv2_block1_0_conv,3,128,0,Ranger_Clipping_Layer
34,classes_conv2_block1_0_conv,4,128,0,Ranger_Clipping_Layer
35,classes_conv2_block1_0_conv,5,128,0,Ranger_Clipping_Layer
36,classes_conv2_block1_0_conv,6,128,0,Ranger_Clipping_Layer
37,classes_conv2_block1_0_conv,7,128,0,Ranger_Clipping_Layer
38,classes_conv2_block1_0_conv,8,128,0,Ranger_Clipping_Layer
39,classes_conv2_block1_0_conv,9,128,0,Ranger_Clipping_Layer
40,classes_conv2_block1_3_conv,0,128,0,Ranger_Clipping_Layer
41,classes_conv2_block1_3_conv,1,128,0,Ranger_Clipping_Layer
42,classes_conv2_block1_3_conv,2,128,0,Ranger_Clipping_Layer
43,classes_conv2_block1_3_conv,3,128,0,Ranger_Clipping_Layer
44,classes_conv2_block1_3_conv,4,128,0,Ranger_Clipping_Layer
45,classes_conv2_block1_3_conv,5,128,0,Ranger_Clipping_Layer
46,classes_conv2_block1_3_conv,6,128,0,Ranger_Clipping_Layer
47,classes_conv2_block1_3_conv,7,128,0,Ranger_Clipping_Layer
48,classes_conv2_block1_3_conv,8,128,0,Ranger_Clipping_Layer
49,classes_conv2_block1_3_conv,9,128,0,Ranger_Clipping_Layer
50,classes_conv2_block2_1_conv,0,128,0,Ranger_Clipping_Layer
51,classes_conv2_block2_1_conv,1,128,0,Ranger_Clipping_Layer
52,classes_conv2_block2_1_conv,2,128,0,Ranger_Clipping_Layer
53,classes_conv2_block2_1_conv,3,128,0,Ranger_Clipping_Layer
54,classes_conv2_block2_1_conv,4,128,0,Ranger_Clipping_Layer
55,classes_conv2_block2_1_conv,5,128,0,Ranger_Clipping_Layer
56,classes_conv2_block2_1_conv,6,128,0,Ranger_Clipping_Layer
57,classes_conv2_block2_1_conv,7,128,0,Ranger_Clipping_Layer
58,classes_conv2_block2_1_conv,8,128,0,Ranger_Clipping_Layer
59,classes_conv2_block2_1_conv,9,128,0,Ranger_Clipping_Layer
60,classes_conv2_block2_2_conv,0,128,0,Ranger_Clipping_Layer
61,classes_conv2_block2_2_conv,1,128,0,Ranger_Clipping_Layer
62,classes_conv2_block2_2_conv,2,128,0,Ranger_Clipping_Layer
63,classes_conv2_block2_2_conv,3,128,0,Ranger_Clipping_Layer
64,classes_conv2_block2_2_conv,4,128,0,Ranger_Clipping_Layer
65,classes_conv2_block2_2_conv,5,128,0,Ranger_Clipping_Layer
66,classes_conv2_block2_2_conv,6,128,0,Ranger_Clipping_Layer
67,classes_conv2_block2_2_conv,7,128,0,Ranger_Clipping_Layer
68,classes_conv2_block2_2_conv,8,128,0,Ranger_Clipping_Layer
69,classes_conv2_block2_2_conv,9,128,0,Ranger_Clipping_Layer
70,classes_conv2_block2_3_conv,0,128,0,Ranger_Clipping_Layer
71,classes_conv2_block2_3_conv,1,128,0,Ranger_Clipping_Layer
72,classes_conv2_block2_3_conv,2,128,0,Ranger_Clipping_Layer
73,classes_conv2_block2_3_conv,3,128,0,Ranger_Clipping_Layer
74,classes_conv2_block2_3_conv,4,128,0,Ranger_Clipping_Layer
75,classes_conv2_block2_3_conv,5,128,0,Ranger_Clipping_Layer
76,classes_conv2_block2_3_conv,6,128,0,Ranger_Clipping_Layer
77,classes_conv2_block2_3_conv,7,128,0,Ranger_Clipping_Layer
78,classes_conv2_block2_3_conv,8,128,0,Ranger_Clipping_Layer
79,classes_conv2_block2_3_conv,9,128,0,Ranger_Clipping_Layer
80,classes_conv2_block3_1_conv,0,128,0,Ranger_Clipping_Layer
81,classes_conv2_block3_1_conv,1,128,0,Ranger_Clipping_Layer
82,classes_conv2_block3_1_conv,2,128,0,Ranger_Clipping_Layer
83,classes_conv2_block3_1_conv,3,128,0,Ranger_Clipping_Layer
84,classes_conv2_block3_1_conv,4,128,0,Ranger_Clipping_Layer
85,classes_conv2_block3_1_conv,5,128,0,Ranger_Clipping_Layer
86,classes_conv2_block3_1_conv,6,128,0,Ranger_Clipping_Layer
87,classes_conv2_block3_1_conv,7,128,0,Ranger_Clipping_Layer
88,classes_conv2_block3_1_conv,8,128,0,Ranger_Clipping_Layer
89,classes_conv2_block3_1_conv,9,128,0,Ranger_Clipping_Layer
90,classes_conv2_block3_2_conv,0,128,0,Ranger_Clipping_Layer
91,classes_conv2_block3_2_conv,1,128,0,Ranger_Clipping_Layer
92,classes_conv2_block3_2_conv,2,128,0,Ranger_Clipping_Layer
93,classes_conv2_block3_2_conv,3,128,0,Ranger_Clipping_Layer
94,classes_conv2_block3_2_conv,4,128,0,Ranger_Clipping_Layer
95,classes_conv2_block3_2_conv,5,128,0,Ranger_Clipping_Layer
96,classes_conv2_block3_2_conv,6,128,0,Ranger_Clipping_Layer
97,classes_conv2_block3_2_conv,7,128,0,Ranger_Clipping_Layer
98,classes_conv2_block3_2_conv,8,128,0,Ranger_Clipping_Layer
99,classes_conv2_block3_2_conv,9,128,0,Ranger_Clipping_Layer
100,classes_conv2_block3_3_conv,0,128,0,Ranger_Clipping_Layer
101,classes_conv2_block3_3_conv,1,128,0,Ranger_Clipping_Layer
102,classes_conv2_block3_3_conv,2,128,0,Ranger_Clipping_Layer
103,classes_conv2_block3_3_conv,3,128,0,Ranger_Clipping_Layer
104,classes_conv2_block3_3_conv,4,128,0,Ranger_Clipping_Layer
105,classes_conv2_block3_3_conv,5,128,0,Ranger_Clipping_Layer
106,classes_conv2_block3_3_conv,6,128,0,Ranger_Clipping_Layer
107,classes_conv2_block3_3_conv,7,128,0,Ranger_Clipping_Layer
108,classes_conv2_block3_3_conv,8,128,0,Ranger_Clipping_Layer
109,classes_conv2_block3_3_conv,9,128,0,Ranger_Clipping_Layer
110,classes_conv3_block1_1_conv,0,128,0,Ranger_Clipping_Layer
111,classes_conv3_block1_1_conv,1,128,0,Ranger_Clipping_Layer
112,classes_conv3_block1_1_conv,2,128,0,Ranger_Clipping_Layer
113,classes_conv3_block1_1_conv,3,128,0,Ranger_Clipping_Layer
114,classes_conv3_block1_1_conv,4,128,0,Ranger_Clipping_Layer
115,classes_conv3_block1_1_conv,5,128,0,Ranger_Clipping_Layer
116,classes_conv3_block1_1_conv,6,128,0,Ranger_Clipping_Layer
117,classes_conv3_block1_1_conv,7,128,0,Ranger_Clipping_Layer
118,classes_conv3_block1_1_conv,8,128,0,Ranger_Clipping_Layer
119,classes_conv3_block1_1_conv,9,128,0,Ranger_Clipping_Layer
120,classes_conv3_block1_2_conv,0,128,0,Ranger_Clipping_Layer
121,classes_conv3_block1_2_conv,1,128,0,Ranger_Clipping_Layer
122,classes_conv3_block1_2_conv,2,128,0,Ranger_Clipping_Layer
123,classes_conv3_block1_2_conv,3,128,0,Ranger_Clipping_Layer
124,classes_conv3_block1_2_conv,4,128,0,Ranger_Clipping_Layer
125,classes_conv3_block1_2_conv,5,128,0,Ranger_Clipping_Layer
126,classes_conv3_block1_2_conv,6,128,0,Ranger_Clipping_Layer
127,classes_conv3_block1_2_conv,7,128,0,Ranger_Clipping_Layer
128,classes_conv3_block1_2_conv,8,128,0,Ranger_Clipping_Layer
129,classes_conv3_block1_2_conv,9,128,0,Ranger_Clipping_Layer
130,classes_conv3_block1_0_conv,0,128,0,Ranger_Clipping_Layer
131,classes_conv3_block1_0_conv,1,128,0,Ranger_Clipping_Layer
132,classes_conv3_block1_0_conv,2,128,0,Ranger_Clipping_Layer
133,classes_conv3_block1_0_conv,3,128,0,Ranger_Clipping_Layer
134,classes_conv3_block1_0_conv,4,128,0,Ranger_Clipping_Layer
135,classes_conv3_block1_0_conv,5,128,0,Ranger_Clipping_Layer
136,classes_conv3_block1_0_conv,6,128,0,Ranger_Clipping_Layer
137,classes_conv3_block1_0_conv,7,128,0,Ranger_Clipping_Layer
138,classes_conv3_block1_0_conv,8,128,0,Ranger_Clipping_Layer
139,classes_conv3_block1_0_conv,9,128,0,Ranger_Clipping_Layer
140,classes_conv3_block1_3_conv,0,128,0,Ranger_Clipping_Layer
141,classes_conv3_block1_3_conv,1,128,0,Ranger_Clipping_Layer
142,classes_conv3_block1_3_conv,2,128,0,Ranger_Clipping_Layer
143,classes_conv3_block1_3_conv,3,128,0,Ranger_Clipping_Layer
144,classes_conv3_block1_3_conv,4,128,0,Ranger_Clipping_Layer
145,classes_conv3_block1_3_conv,5,128,0,Ranger_Clipping_Layer
146,classes_conv3_block1_3_conv,6,128,0,Ranger_Clipping_Layer
147,classes_conv3_block1_3_conv,7,128,0,Ranger_Clipping_Layer
148,classes_conv3_block1_3_conv,8,128,0,Ranger_Clipping_Layer
149,classes_conv3_block1_3_conv,9,128,0,Ranger_Clipping_Layer
150,classes_conv3_block2_1_conv,0,128,0,Ranger_Clipping_Layer
151,classes_conv3_block2_1_conv,1,128,0,Ranger_Clipping_Layer
152,classes_conv3_block2_1_conv,2,128,0,Ranger_Clipping_Layer
153,classes_conv3_block2_1_conv,3,128,0,Ranger_Clipping_Layer
154,classes_conv3_block2_1_conv,4,128,0,Ranger_Clipping_Layer
155,classes_conv3_block2_1_conv,5,128,0,Ranger_Clipping_Layer
156,classes_conv3_block2_1_conv,6,128,0,Ranger_Clipping_Layer
157,classes_conv3_block2_1_conv,7,128,0,Ranger_Clipping_Layer
158,classes_conv3_block2_1_conv,8,128,0,Ranger_Clipping_Layer
159,classes_conv3_block2_1_conv,9,128,0,Ranger_Clipping_Layer
160,classes_conv3_block2_2_conv,0,128,0,Ranger_Clipping_Layer
161,classes_conv3_block2_2_conv,1,128,0,Ranger_Clipping_Layer
162,classes_conv3_block2_2_conv,2,128,0,Ranger_Clipping_Layer
163,classes_conv3_block2_2_conv,3,128,0,Ranger_Clipping_Layer
164,classes_conv3_block2_2_conv,4,128,0,Ranger_Clipping_Layer
165,classes_conv3_block2_2_conv,5,128,0,Ranger_Clipping_Layer
166,classes_conv3_block2_2_conv,6,128,0,Ranger_Clipping_Layer
167,classes_conv3_block2_2_conv,7,128,0,Ranger_Clipping_Layer
168,classes_conv3_block2_2_conv,8,128,0,Ranger_Clipping_Layer
169,classes_conv3_block2_2_conv,9,128,0,Ranger_Clipping_Layer
170,classes_conv3_block2_3_conv,0,128,0,Ranger_Clipping_Layer
171,classes_conv3_block2_3_conv,1,128,0,Ranger_Clipping_Layer
172,classes_conv3_block2_3_conv,2,128,0,Ranger_Clipping_Layer
173,classes_conv3_block2_3_conv,3,128,0,Ranger_Clipping_Layer
174,classes_conv3_block2_3_conv,4,128,0,Ranger_Clipping_Layer
175,classes_conv3_block2_3_conv,5,128,0,Ranger_Clipping_Layer
176,classes_conv3_block2_3_conv,6,128,0,Ranger_Clipping_Layer
177,classes_conv3_block2_3_conv,7,128,0,Ranger_Clipping_Layer
178,classes_conv3_block2_3_conv,8,128,0,Ranger_Clipping_Layer
179,classes_conv3_block2_3_conv,9,128,0,Ranger_Clipping_Layer
180,classes_conv3_block3_1_conv,0,128,0,Ranger_Clipping_Layer
181,classes_conv3_block3_1_conv,1,128,0,Ranger_Clipping_Layer
182,classes_conv3_block3_1_conv,2,128,0,Ranger_Clipping_Layer
183,classes_conv3_block3_1_conv,3,128,0,Ranger_Clipping_Layer
184,classes_conv3_block3_1_conv,4,128,0,Ranger_Clipping_Layer
185,classes_conv3_block3_1_conv,5,128,0,Ranger_Clipping_Layer
186,classes_conv3_block3_1_conv,6,128,0,Ranger_Clipping_Layer
187,classes_conv3_block3_1_conv,7,128,0,Ranger_Clipping_Layer
188,classes_conv3_block3_1_conv,8,128,0,Ranger_Clipping_Layer
189,classes_conv3_block3_1_conv,9,128,0,Ranger_Clipping_Layer
190,classes_conv3_block3_2_conv,0,128,0,Ranger_Clipping_Layer
191,classes_conv3_block3_2_conv,1,128,0,Ranger_Clipping_Layer
192,classes_conv3_block3_2_conv,2,128,0,Ranger_Clipping_Layer
193,classes_conv3_block3_2_conv,3,128,0,Ranger_Clipping_Layer
194,classes_conv3_block3_2_conv,4,128,0,Ranger_Clipping_Layer
195,classes_conv3_block3_2_conv,5,128,0,Ranger_Clipping_Layer
196,classes_conv3_block3_2_conv,6,128,0,Ranger_Clipping_Layer
197,classes_conv3_block3_2_conv,7,128,0,Ranger_Clipping_Layer
198,classes_conv3_block3_2_conv,8,128,0,Ranger_Clipping_Layer
199,classes_conv3_block3_2_conv,9,128,0,Ranger_Clipping_Layer
200,classes_conv3_block3_3_conv,0,128,0,Ranger_Clipping_Layer
201,classes_conv3_block3_3_conv,1,128,0,Ranger_Clipping_Layer
202,classes_conv3_block3_3_conv,2,128,0,Ranger_Clipping_Layer
203,classes_conv3_block3_3_conv,3,128,0,Ranger_Clipping_Layer
204,classes_conv3_block3_3_conv,4,128,0,Ranger_Clipping_Layer
205,classes_conv3_block3_3_conv,5,128,0,Ranger_Clipping_Layer
206,classes_conv3_block3_3_conv,6,128,0,Ranger_Clipping_Layer
207,classes_conv3_block3_3_conv,7,128,0,Ranger_Clipping_Layer
208,classes_conv3_block3_3_conv,8,128,0,Ranger_Clipping_Layer
209,classes_conv3_block3_3_conv,9,128,0,Ranger_Clipping_Layer
210,classes_conv3_block4_1_conv,0,128,0,Ranger_Clipping_Layer
211,classes_conv3_block4_1_conv,1,128,0,Ranger_Clipping_Layer
212,classes_conv3_block4_1_conv,2,128,0,Ranger_Clipping_Layer
213,classes_conv3_block4_1_conv,3,128,0,Ranger_Clipping_Layer
214,classes_conv3_block4_1_conv,4,128,0,Ranger_Clipping_Layer
215,classes_conv3_block4_1_conv,5,128,0,Ranger_Clipping_Layer
216,classes_conv3_block4_1_conv,6,128,0,Ranger_Clipping_Layer
217,classes_conv3_block4_1_conv,7,128,0,Ranger_Clipping_Layer
218,classes_conv3_block4_1_conv,8,128,0,Ranger_Clipping_Layer
219,classes_conv3_block4_1_conv,9,128,0,Ranger_Clipping_Layer
220,classes_conv3_block4_2_conv,0,128,0,Ranger_Clipping_Layer
221,classes_conv3_block4_2_conv,1,128,0,Ranger_Clipping_Layer
222,classes_conv3_block4_2_conv,2,128,0,Ranger_Clipping_Layer
223,classes_conv3_block4_2_conv,3,128,0,Ranger_Clipping_Layer
224,classes_conv3_block4_2_conv,4,128,0,Ranger_Clipping_Layer
225,classes_conv3_block4_2_conv,5,128,0,Ranger_Clipping_Layer
226,classes_conv3_block4_2_conv,6,128,0,Ranger_Clipping_Layer
227,classes_conv3_block4_2_conv,7,128,0,Ranger_Clipping_Layer
228,classes_conv3_block4_2_conv,8,128,0,Ranger_Clipping_Layer
229,classes_conv3_block4_2_conv,9,128,0,Ranger_Clipping_Layer
230,classes_conv3_block4_3_conv,0,128,0,Ranger_Clipping_Layer
231,classes_conv3_block4_3_conv,1,128,0,Ranger_Clipping_Layer
232,classes_conv3_block4_3_conv,2,128,0,Ranger_Clipping_Layer
233,classes_conv3_block4_3_conv,3,128,0,Ranger_Clipping_Layer
234,classes_conv3_block4_3_conv,4,128,0,Ranger_Clipping_Layer
235,classes_conv3_block4_3_conv,5,128,0,Ranger_Clipping_Layer
236,classes_conv3_block4_3_conv,6,128,0,Ranger_Clipping_Layer
237,classes_conv3_block4_3_conv,7,128,0,Ranger_Clipping_Layer
238,classes_conv3_block4_3_conv,8,128,0,Ranger_Clipping_Layer
239,classes_conv3_block4_3_conv,9,128,0,Ranger_Clipping_Layer
240,classes_conv4_block1_1_conv,0,128,0,Ranger_Clipping_Layer
241,classes_conv4_block1_1_conv,1,128,0,Ranger_Clipping_Layer
242,classes_conv4_block1_1_conv,2,128,0,Ranger_Clipping_Layer
243,classes_conv4_block1_1_conv,3,128,0,Ranger_Clipping_Layer
244,classes_conv4_block1_1_conv,4,128,0,Ranger_Clipping_Layer
245,classes_conv4_block1_1_conv,5,128,0,Ranger_Clipping_Layer
246,classes_conv4_block1_1_conv,6,128,0,Ranger_Clipping_Layer
247,classes_conv4_block1_1_conv,7,128,0,Ranger_Clipping_Layer
248,classes_conv4_block1_1_conv,8,128,0,Ranger_Clipping_Layer
249,classes_conv4_block1_1_conv,9,128,0,Ranger_Clipping_Layer
250,classes_conv4_block1_2_conv,0,128,0,Ranger_Clipping_Layer
251,classes_conv4_block1_2_conv,1,128,0,Ranger_Clipping_Layer
252,classes_conv4_block1_2_conv,2,128,0,Ranger_Clipping_Layer
253,classes_conv4_block1_2_conv,3,128,0,Ranger_Clipping_Layer
254,classes_conv4_block1_2_conv,4,128,0,Ranger_Clipping_Layer
255,classes_conv4_block1_2_conv,5,128,0,Ranger_Clipping_Layer
256,classes_conv4_block1_2_conv,6,128,0,Ranger_Clipping_Layer
257,classes_conv4_block1_2_conv,7,128,0,Ranger_Clipping_Layer
258,classes_conv4_block1_2_conv,8,128,0,Ranger_Clipping_Layer
259,classes_conv4_block1_2_conv,9,128,0,Ranger_Clipping_Layer
260,classes_conv4_block1_0_conv,0,128,0,Ranger_Clipping_Layer
261,classes_conv4_block1_0_conv,1,128,0,Ranger_Clipping_Layer
262,classes_conv4_block1_0_conv,2,128,0,Ranger_Clipping_Layer
263,classes_conv4_block1_0_conv,3,128,0,Ranger_Clipping_Layer
264,classes_conv4_block1_0_conv,4,128,0,Ranger_Clipping_Layer
265,classes_conv4_block1_0_conv,5,128,0,Ranger_Clipping_Layer
266,classes_conv4_block1_0_conv,6,128,0,Ranger_Clipping_Layer
267,classes_conv4_block1_0_conv,7,128,0,Ranger_Clipping_Layer
268,classes_conv4_block1_0_conv,8,128,0,Ranger_Clipping_Layer
269,classes_conv4_block1_0_conv,9,128,0,Ranger_Clipping_Layer
270,classes_conv4_block1_3_conv,0,128,0,Ranger_Clipping_Layer
271,classes_conv4_block1_3_conv,1,128,0,Ranger_Clipping_Layer
272,classes_conv4_block1_3_conv,2,128,0,Ranger_Clipping_Layer
273,classes_conv4_block1_3_conv,3,128,0,Ranger_Clipping_Layer
274,classes_conv4_block1_3_conv,4,128,0,Ranger_Clipping_Layer
275,classes_conv4_block1_3_conv,5,128,0,Ranger_Clipping_Layer
276,classes_conv4_block1_3_conv,6,128,0,Ranger_Clipping_Layer
277,classes_conv4_block1_3_conv,7,128,0,Ranger_Clipping_Layer
278,classes_conv4_block1_3_conv,8,128,0,Ranger_Clipping_Layer
279,classes_conv4_block1_3_conv,9,128,0,Ranger_Clipping_Layer
280,classes_conv4_block2_1_conv,0,128,0,Ranger_Clipping_Layer
281,classes_conv4_block2_1_conv,1,128,0,Ranger_Clipping_Layer
282,classes_conv4_block2_1_conv,2,128,0,Ranger_Clipping_Layer
283,classes_conv4_block2_1_conv,3,128,0,Ranger_Clipping_Layer
284,classes_conv4_block2_1_conv,4,128,0,Ranger_Clipping_Layer
285,classes_conv4_block2_1_conv,5,128,0,Ranger_Clipping_Layer
286,classes_conv4_block2_1_conv,6,128,0,Ranger_Clipping_Layer
287,classes_conv4_block2_1_conv,7,128,0,Ranger_Clipping_Layer
288,classes_conv4_block2_1_conv,8,128,0,Ranger_Clipping_Layer
289,classes_conv4_block2_1_conv,9,128,0,Ranger_Clipping_Layer
290,classes_conv4_block2_2_conv,0,128,0,Ranger_Clipping_Layer
291,classes_conv4_block2_2_conv,1,128,0,Ranger_Clipping_Layer
292,classes_conv4_block2_2_conv,2,128,0,Ranger_Clipping_Layer
293,classes_conv4_block2_2_conv,3,128,0,Ranger_Clipping_Layer
294,classes_conv4_block2_2_conv,4,128,0,Ranger_Clipping_Layer
295,classes_conv4_block2_2_conv,5,128,0,Ranger_Clipping_Layer
296,classes_conv4_block2_2_conv,6,128,0,Ranger_Clipping_Layer
297,classes_conv4_block2_2_conv,7,128,0,Ranger_Clipping_Layer
298,classes_conv4_block2_2_conv,8,128,0,Ranger_Clipping_Layer
299,classes_conv4_block2_2_conv,9,128,0,Ranger_Clipping_Layer
300,classes_conv4_block2_3_conv,0,128,0,Ranger_Clipping_Layer
301,classes_conv4_block2_3_conv,1,128,0,Ranger_Clipping_Layer
302,classes_conv4_block2_3_conv,2,128,0,Ranger_Clipping_Layer
303,classes_conv4_block2_3_conv,3,128,0,Ranger_Clipping_Layer
304,classes_conv4_block2_3_conv,4,128,0,Ranger_Clipping_Layer
305,classes_conv4_block2_3_conv,5,128,0,Ranger_Clipping_Layer
306,classes_conv4_block2_3_conv,6,128,0,Ranger_Clipping_Layer
307,classes_conv4_block2_3_conv,7,128,0,Ranger_Clipping_Layer
308,classes_conv4_block2_3_conv,8,128,0,Ranger_Clipping_Layer
309,classes_conv4_block2_3_conv,9,128,0,Ranger_Clipping_Layer
310,classes_conv4_block3_1_conv,0,128,0,Ranger_Clipping_Layer
311,classes_conv4_block3_1_conv,1,128,0,Ranger_Clipping_Layer
312,classes_conv4_block3_1_conv,2,128,0,Ranger_Clipping_Layer
313,classes_conv4_block3_1_conv,3,128,0,Ranger_Clipping_Layer
314,classes_conv4_block3_1_conv,4,128,0,Ranger_Clipping_Layer
315,classes_conv4_block3_1_conv,5,128,0,Ranger_Clipping_Layer
316,classes_conv4_block3_1_conv,6,128,0,Ranger_Clipping_Layer
317,classes_conv4_block3_1_conv,7,128,0,Ranger_Clipping_Layer
318,classes_conv4_block3_1_conv,8,128,0,Ranger_Clipping_Layer
319,classes_conv4_block3_1_conv,9,128,0,Ranger_Clipping_Layer
320,classes_conv4_block3_2_conv,0,128,0,Ranger_Clipping_Layer
321,classes_conv4_block3_2_conv,1,128,0,Ranger_Clipping_Layer
322,classes_conv4_block3_2_conv,2,128,0,Ranger_Clipping_Layer
323,classes_conv4_block3_2_conv,3,128,0,Ranger_Clipping_Layer
324,classes_conv4_block3_2_conv,4,128,0,Ranger_Clipping_Layer
325,classes_conv4_block3_2_conv,5,128,0,Ranger_Clipping_Layer
326,classes_conv4_block3_2_conv,6,128,0,Ranger_Clipping_Layer
327,classes_conv4_block3_2_conv,7,128,0,Ranger_Clipping_Layer
328,classes_conv4_block3_2_conv,8,128,0,Ranger_Clipping_Layer
329,classes_conv4_block3_2_conv,9,128,0,Ranger_Clipping_Layer
330,classes_conv4_block3_3_conv,0,128,0,Ranger_Clipping_Layer
331,classes_conv4_block3_3_conv,1,128,0,Ranger_Clipping_Layer
332,classes_conv4_block3_3_conv,2,128,0,Ranger_Clipping_Layer
333,classes_conv4_block3_3_conv,3,128,0,Ranger_Clipping_Layer
334,classes_conv4_block3_3_conv,4,128,0,Ranger_Clipping_Layer
335,classes_conv4_block3_3_conv,5,128,0,Ranger_Clipping_Layer
336,classes_conv4_block3_3_conv,6,128,0,Ranger_Clipping_Layer
337,classes_conv4_block3_3_conv,7,128,0,Ranger_Clipping_Layer
338,classes_conv4_block3_3_conv,8,128,0,Ranger_Clipping_Layer
339,classes_conv4_block3_3_conv,9,128,0,Ranger_Clipping_Layer
340,classes_conv4_block4_1_conv,0,128,0,Ranger_Clipping_Layer
341,classes_conv4_block4_1_conv,1,128,0,Ranger_Clipping_Layer
342,classes_conv4_block4_1_conv,2,128,0,Ranger_Clipping_Layer
343,classes_conv4_block4_1_conv,3,128,0,Ranger_Clipping_Layer
344,classes_conv4_block4_1_conv,4,128,0,Ranger_Clipping_Layer
345,classes_conv4_block4_1_conv,5,128,0,Ranger_Clipping_Layer
346,classes_conv4_block4_1_conv,6,128,0,Ranger_Clipping_Layer
347,classes_conv4_block4_1_conv,7,128,0,Ranger_Clipping_Layer
348,classes_conv4_block4_1_conv,8,128,0,Ranger_Clipping_Layer
349,classes_conv4_block4_1_conv,9,128,0,Ranger_Clipping_Layer
350,classes_conv4_block4_2_conv,0,128,0,Ranger_Clipping_Layer
351,classes_conv4_block4_2_conv,1,128,0,Ranger_Clipping_Layer
352,classes_conv4_block4_2_conv,2,128,0,Ranger_Clipping_Layer
353,classes_conv4_block4_2_conv,3,128,0,Ranger_Clipping_Layer
354,classes_conv4_block4_2_conv,4,128,0,Ranger_Clipping_Layer
355,classes_conv4_block4_2_conv,5,128,0,Ranger_Clipping_Layer
356,classes_conv4_block4_2_conv,6,128,0,Ranger_Clipping_Layer
357,classes_conv4_block4_2_conv,7,128,0,Ranger_Clipping_Layer
358,classes_conv4_block4_2_conv,8,128,0,Ranger_Clipping_Layer
359,classes_conv4_block4_2_conv,9,128,0,Ranger_Clipping_Layer
360,classes_conv4_block4_3_conv,0,128,0,Ranger_Clipping_Layer
361,classes_conv4_block4_3_conv,1,128,0,Ranger_Clipping_Layer
362,classes_conv4_block4_3_conv,2,128,0,Ranger_Clipping_Layer
363,classes_conv4_block4_3_conv,3,128,0,Ranger_Clipping_Layer
364,classes_conv4_block4_3_conv,4,128,0,Ranger_Clipping_Layer
365,classes_conv4_block4_3_conv,5,128,0,Ranger_Clipping_Layer
366,classes_conv4_block4_3_conv,6,128,0,Ranger_Clipping_Layer
367,classes_conv4_block4_3_conv,7,128,0,Ranger_Clipping_Layer
368,classes_conv4_block4_3_conv,8,128,0,Ranger_Clipping_Layer
369,classes_conv4_block4_3_conv,9,128,0,Ranger_Clipping_Layer
370,classes_conv4_block5_1_conv,0,128,0,Ranger_Clipping_Layer
371,classes_conv4_block5_1_conv,1,128,0,Ranger_Clipping_Layer
372,classes_conv4_block5_1_conv,2,128,0,Ranger_Clipping_Layer
373,classes_conv4_block5_1_conv,3,128,0,Ranger_Clipping_Layer
374,classes_conv4_block5_1_conv,4,128,0,Ranger_Clipping_Layer
375,classes_conv4_block5_1_conv,5,128,0,Ranger_Clipping_Layer
376,classes_conv4_block5_1_conv,6,128,0,Ranger_Clipping_Layer
377,classes_conv4_block5_1_conv,7,128,0,Ranger_Clipping_Layer
378,classes_conv4_block5_1_conv,8,128,0,Ranger_Clipping_Layer
379,classes_conv4_block5_1_conv,9,128,0,Ranger_Clipping_Layer
380,classes_conv4_block5_2_conv,0,128,0,Ranger_Clipping_Layer
381,classes_conv4_block5_2_conv,1,128,0,Ranger_Clipping_Layer
382,classes_conv4_block5_2_conv,2,128,0,Ranger_Clipping_Layer
383,classes_conv4_block5_2_conv,3,128,0,Ranger_Clipping_Layer
384,classes_conv4_block5_2_conv,4,128,0,Ranger_Clipping_Layer
385,classes_conv4_block5_2_conv,5,128,0,Ranger_Clipping_Layer
386,classes_conv4_block5_2_conv,6,128,0,Ranger_Clipping_Layer
387,classes_conv4_block5_2_conv,7,128,0,Ranger_Clipping_Layer
388,classes_conv4_block5_2_conv,8,128,0,Ranger_Clipping_Layer
389,classes_conv4_block5_2_conv,9,128,0,Ranger_Clipping_Layer
390,classes_conv4_block5_3_conv,0,128,0,Ranger_Clipping_Layer
391,classes_conv4_block5_3_conv,1,128,0,Ranger_Clipping_Layer
392,classes_conv4_block5_3_conv,2,128,0,Ranger_Clipping_Layer
393,classes_conv4_block5_3_conv,3,128,0,Ranger_Clipping_Layer
394,classes_conv4_block5_3_conv,4,128,0,Ranger_Clipping_Layer
395,classes_conv4_block5_3_conv,5,128,0,Ranger_Clipping_Layer
396,classes_conv4_block5_3_conv,6,128,0,Ranger_Clipping_Layer
397,classes_conv4_block5_3_conv,7,128,0,Ranger_Clipping_Layer
398,classes_conv4_block5_3_conv,8,128,0,Ranger_Clipping_Layer
399,classes_conv4_block5_3_conv,9,128,0,Ranger_Clipping_Layer
400,classes_conv4_block6_1_conv,0,128,0,Ranger_Clipping_Layer
401,classes_conv4_block6_1_conv,1,128,0,Ranger_Clipping_Layer
402,classes_conv4_block6_1_conv,2,128,0,Ranger_Clipping_Layer
403,classes_conv4_block6_1_conv,3,128,0,Ranger_Clipping_Layer
404,classes_conv4_block6_1_conv,4,128,0,Ranger_Clipping_Layer
405,classes_conv4_block6_1_conv,5,128,0,Ranger_Clipping_Layer
406,classes_conv4_block6_1_conv,6,128,0,Ranger_Clipping_Layer
407,classes_conv4_block6_1_conv,7,128,0,Ranger_Clipping_Layer
408,classes_conv4_block6_1_conv,8,128,0,Ranger_Clipping_Layer
409,classes_conv4_block6_1_conv,9,128,0,Ranger_Clipping_Layer
410,classes_conv4_block6_2_conv,0,128,0,Ranger_Clipping_Layer
411,classes_conv4_block6_2_conv,1,128,0,Ranger_Clipping_Layer
412,classes_conv4_block6_2_conv,2,128,0,Ranger_Clipping_Layer
413,classes_conv4_block6_2_conv,3,128,0,Ranger_Clipping_Layer
414,classes_conv4_block6_2_conv,4,128,0,Ranger_Clipping_Layer
415,classes_conv4_block6_2_conv,5,128,0,Ranger_Clipping_Layer
416,classes_conv4_block6_2_conv,6,128,0,Ranger_Clipping_Layer
417,classes_conv4_block6_2_conv,7,128,0,Ranger_Clipping_Layer
418,classes_conv4_block6_2_conv,8,128,0,Ranger_Clipping_Layer
419,classes_conv4_block6_2_conv,9,128,0,Ranger_Clipping_Layer
420,classes_conv4_block6_3_conv,0,128,0,Ranger_Clipping_Layer
421,classes_conv4_block6_3_conv,1,128,0,Ranger_Clipping_Layer
422,classes_conv4_block6_3_conv,2,128,0,Ranger_Clipping_Layer
423,classes_conv4_block6_3_conv,3,128,0,Ranger_Clipping_Layer
424,classes_conv4_block6_3_conv,4,128,0,Ranger_Clipping_Layer
425,classes_conv4_block6_3_conv,5,128,0,Ranger_Clipping_Layer
426,classes_conv4_block6_3_conv,6,128,0,Ranger_Clipping_Layer
427,classes_conv4_block6_3_conv,7,128,0,Ranger_Clipping_Layer
428,classes_conv4_block6_3_conv,8,128,0,Ranger_Clipping_Layer
429,classes_conv4_block6_3_conv,9,128,0,Ranger_Clipping_Layer
430,classes_conv5_block1_1_conv,0,128,0,Ranger_Clipping_Layer
431,classes_conv5_block1_1_conv,1,128,0,Ranger_Clipping_Layer
432,classes_conv5_block1_1_conv,2,128,0,Ranger_Clipping_Layer
433,classes_conv5_block1_1_conv,3,128,0,Ranger_Clipping_Layer
434,classes_conv5_block1_1_conv,4,128,0,Ranger_Clipping_Layer
435,classes_conv5_block1_1_conv,5,128,0,Ranger_Clipping_Layer
436,classes_conv5_block1_1_conv,6,128,0,Ranger_Clipping_Layer
437,classes_conv5_block1_1_conv,7,128,0,Ranger_Clipping_Layer
438,classes_conv5_block1_1_conv,8,128,0,Ranger_Clipping_Layer
439,classes_conv5_block1_1_conv,9,128,0,Ranger_Clipping_Layer
440,classes_conv5_block1_2_conv,0,128,0,Ranger_Clipping_Layer
441,classes_conv5_block1_2_conv,1,128,0,Ranger_Clipping_Layer
442,classes_conv5_block1_2_conv,2,128,1,Ranger_Clipping_Layer
443,classes_conv5_block1_2_conv,3,128,0,Ranger_Clipping_Layer
444,classes_conv5_block1_2_conv,4,128,0,Ranger_Clipping_Layer
445,classes_conv5_block1_2_conv,5,128,0,Ranger_Clipping_Layer
446,classes_conv5_block1_2_conv,6,128,0,Ranger_Clipping_Layer
447,classes_conv5_block1_2_conv,7,128,0,Ranger_Clipping_Layer
448,classes_conv5_block1_2_conv,8,128,0,Ranger_Clipping_Layer
449,classes_conv5_block1_2_conv,9,128,0,Ranger_Clipping_Layer
450,classes_conv5_block1_0_conv,0,128,5,Ranger_Clipping_Layer
451,classes_conv5_block1_0_conv,1,128,5,Ranger_Clipping_Layer
452,classes_conv5_block1_0_conv,2,128,3,Ranger_Clipping_Layer
453,classes_conv5_block1_0_conv,3,128,4,Ranger_Clipping_Layer
454,classes_conv5_block1_0_conv,4,128,8,Ranger_Clipping_Layer
455,classes_conv5_block1_0_conv,5,128,1,Ranger_Clipping_Layer
456,classes_conv5_block1_0_conv,6,128,6,Ranger_Clipping_Layer
457,classes_conv5_block1_0_conv,7,128,4,Ranger_Clipping_Layer
458,classes_conv5_block1_0_conv,8,128,9,Ranger_Clipping_Layer
459,classes_conv5_block1_0_conv,9,128,5,Ranger_Clipping_Layer
460,classes_conv5_block1_3_conv,0,128,2,Ranger_Clipping_Layer
461,classes_conv5_block1_3_conv,1,128,1,Ranger_Clipping_Layer
462,classes_conv5_block1_3_conv,2,128,4,Ranger_Clipping_Layer
463,classes_conv5_block1_3_conv,3,128,1,Ranger_Clipping_Layer
464,classes_conv5_block1_3_conv,4,128,4,Ranger_Clipping_Layer
465,classes_conv5_block1_3_conv,5,128,4,Ranger_Clipping_Layer
466,classes_conv5_block1_3_conv,6,128,5,Ranger_Clipping_Layer
467,classes_conv5_block1_3_conv,7,128,1,Ranger_Clipping_Layer
468,classes_conv5_block1_3_conv,8,128,5,Ranger_Clipping_Layer
469,classes_conv5_block1_3_conv,9,128,4,Ranger_Clipping_Layer
470,classes_conv5_block2_1_conv,0,128,0,Ranger_Clipping_Layer
471,classes_conv5_block2_1_conv,1,128,0,Ranger_Clipping_Layer
472,classes_conv5_block2_1_conv,2,128,3,Ranger_Clipping_Layer
473,classes_conv5_block2_1_conv,3,128,1,Ranger_Clipping_Layer
474,classes_conv5_block2_1_conv,4,128,1,Ranger_Clipping_Layer
475,classes_conv5_block2_1_conv,5,128,0,Ranger_Clipping_Layer
476,classes_conv5_block2_1_conv,6,128,0,Ranger_Clipping_Layer
477,classes_conv5_block2_1_conv,7,128,1,Ranger_Clipping_Layer
478,classes_conv5_block2_1_conv,8,128,0,Ranger_Clipping_Layer
479,classes_conv5_block2_1_conv,9,128,1,Ranger_Clipping_Layer
480,classes_conv5_block2_2_conv,0,128,4,Ranger_Clipping_Layer
481,classes_conv5_block2_2_conv,1,128,4,Ranger_Clipping_Layer
482,classes_conv5_block2_2_conv,2,128,14,Ranger_Clipping_Layer
483,classes_conv5_block2_2_conv,3,128,3,Ranger_Clipping_Layer
484,classes_conv5_block2_2_conv,4,128,6,Ranger_Clipping_Layer
485,classes_conv5_block2_2_conv,5,128,3,Ranger_Clipping_Layer
486,classes_conv5_block2_2_conv,6,128,3,Ranger_Clipping_Layer
487,classes_conv5_block2_2_conv,7,128,3,Ranger_Clipping_Layer
488,classes_conv5_block2_2_conv,8,128,5,Ranger_Clipping_Layer
489,classes_conv5_block2_2_conv,9,128,4,Ranger_Clipping_Layer
490,classes_conv5_block2_3_conv,0,128,1,Ranger_Clipping_Layer
491,classes_conv5_block2_3_conv,1,128,1,Ranger_Clipping_Layer
492,classes_conv5_block2_3_conv,2,128,7,Ranger_Clipping_Layer
493,classes_conv5_block2_3_conv,3,128,2,Ranger_Clipping_Layer
494,classes_conv5_block2_3_conv,4,128,1,Ranger_Clipping_Layer
495,classes_conv5_block2_3_conv,5,128,7,Ranger_Clipping_Layer
496,classes_conv5_block2_3_conv,6,128,1,Ranger_Clipping_Layer
497,classes_conv5_block2_3_conv,7,128,1,Ranger_Clipping_Layer
498,classes_conv5_block2_3_conv,8,128,5,Ranger_Clipping_Layer
499,classes_conv5_block2_3_conv,9,128,4,Ranger_Clipping_Layer
500,classes_conv5_block3_1_conv,0,128,4,Ranger_Clipping_Layer
501,classes_conv5_block3_1_conv,1,128,6,Ranger_Clipping_Layer
502,classes_conv5_block3_1_conv,2,128,2,Ranger_Clipping_Layer
503,classes_conv5_block3_1_conv,3,128,5,Ranger_Clipping_Layer
504,classes_conv5_block3_1_conv,4,128,5,Ranger_Clipping_Layer
505,classes_conv5_block3_1_conv,5,128,4,Ranger_Clipping_Layer
506,classes_conv5_block3_1_conv,6,128,10,Ranger_Clipping_Layer
507,classes_conv5_block3_1_conv,7,128,3,Ranger_Clipping_Layer
508,classes_conv5_block3_1_conv,8,128,6,Ranger_Clipping_Layer
509,classes_conv5_block3_1_conv,9,128,6,Ranger_Clipping_Layer
510,classes_conv5_block3_2_conv,0,128,15,Ranger_Clipping_Layer
511,classes_conv5_block3_2_conv,1,128,12,Ranger_Clipping_Layer
512,classes_conv5_block3_2_conv,2,128,15,Ranger_Clipping_Layer
513,classes_conv5_block3_2_conv,3,128,9,Ranger_Clipping_Layer
514,classes_conv5_block3_2_conv,4,128,10,Ranger_Clipping_Layer
515,classes_conv5_block3_2_conv,5,128,12,Ranger_Clipping_Layer
516,classes_conv5_block3_2_conv,6,128,9,Ranger_Clipping_Layer
517,classes_conv5_block3_2_conv,7,128,5,Ranger_Clipping_Layer
518,classes_conv5_block3_2_conv,8,128,15,Ranger_Clipping_Layer
519,classes_conv5_block3_2_conv,9,128,9,Ranger_Clipping_Layer
520,classes_conv5_block3_3_conv,0,128,2,Ranger_Clipping_Layer
521,classes_conv5_block3_3_conv,1,128,4,Ranger_Clipping_Layer
522,classes_conv5_block3_3_conv,2,128,3,Ranger_Clipping_Layer
523,classes_conv5_block3_3_conv,3,128,4,Ranger_Clipping_Layer
524,classes_conv5_block3_3_conv,4,128,3,Ranger_Clipping_Layer
525,classes_conv5_block3_3_conv,5,128,3,Ranger_Clipping_Layer
526,classes_conv5_block3_3_conv,6,128,2,Ranger_Clipping_Layer
527,classes_conv5_block3_3_conv,7,128,3,Ranger_Clipping_Layer
528,classes_conv5_block3_3_conv,8,128,2,Ranger_Clipping_Layer
529,classes_conv5_block3_3_conv,9,128,6,Ranger_Clipping_Layer
0,classes_conv1_conv,0,128,0,Ranger_Ranger_Layer
1,classes_conv1_conv,1,128,2,Ranger_Ranger_Layer
2,classes_conv1_conv,2,128,1,Ranger_Ranger_Layer
3,classes_conv1_conv,3,128,3,Ranger_Ranger_Layer
4,classes_conv1_conv,4,128,3,Ranger_Ranger_Layer
5,classes_conv1_conv,5,128,3,Ranger_Ranger_Layer
6,classes_conv1_conv,6,128,17,Ranger_Ranger_Layer
7,classes_conv1_conv,7,128,15,Ranger_Ranger_Layer
8,classes_conv1_conv,8,128,3,Ranger_Ranger_Layer
9,classes_conv1_conv,9,128,0,Ranger_Ranger_Layer
10,classes_conv2_block1_1_conv,0,128,0,Ranger_Ranger_Layer
11,classes_conv2_block1_1_conv,1,128,0,Ranger_Ranger_Layer
12,classes_conv2_block1_1_conv,2,128,0,Ranger_Ranger_Layer
13,classes_conv2_block1_1_conv,3,128,3,Ranger_Ranger_Layer
14,classes_conv2_block1_1_conv,4,128,0,Ranger_Ranger_Layer
15,classes_conv2_block1_1_conv,5,128,1,Ranger_Ranger_Layer
16,classes_conv2_block1_1_conv,6,128,8,Ranger_Ranger_Layer
17,classes_conv2_block1_1_conv,7,128,4,Ranger_Ranger_Layer
18,classes_conv2_block1_1_conv,8,128,1,Ranger_Ranger_Layer
19,classes_conv2_block1_1_conv,9,128,0,Ranger_Ranger_Layer
20,classes_conv2_block1_2_conv,0,128,1,Ranger_Ranger_Layer
21,classes_conv2_block1_2_conv,1,128,0,Ranger_Ranger_Layer
22,classes_conv2_block1_2_conv,2,128,0,Ranger_Ranger_Layer
23,classes_conv2_block1_2_conv,3,128,1,Ranger_Ranger_Layer
24,classes_conv2_block1_2_conv,4,128,0,Ranger_Ranger_Layer
25,classes_conv2_block1_2_conv,5,128,0,Ranger_Ranger_Layer
26,classes_conv2_block1_2_conv,6,128,6,Ranger_Ranger_Layer
27,classes_conv2_block1_2_conv,7,128,3,Ranger_Ranger_Layer
28,classes_conv2_block1_2_conv,8,128,3,Ranger_Ranger_Layer
29,classes_conv2_block1_2_conv,9,128,0,Ranger_Ranger_Layer
30,classes_conv2_block1_0_conv,0,128,4,Ranger_Ranger_Layer
31,classes_conv2_block1_0_conv,1,128,0,Ranger_Ranger_Layer
32,classes_conv2_block1_0_conv,2,128,0,Ranger_Ranger_Layer
33,classes_conv2_block1_0_conv,3,128,1,Ranger_Ranger_Layer
34,classes_conv2_block1_0_conv,4,128,0,Ranger_Ranger_Layer
35,classes_conv2_block1_0_conv,5,128,0,Ranger_Ranger_Layer
36,classes_conv2_block1_0_conv,6,128,3,Ranger_Ranger_Layer
37,classes_conv2_block1_0_conv,7,128,3,Ranger_Ranger_Layer
38,classes_conv2_block1_0_conv,8,128,4,Ranger_Ranger_Layer
39,classes_conv2_block1_0_conv,9,128,1,Ranger_Ranger_Layer
40,classes_conv2_block1_3_conv,0,128,0,Ranger_Ranger_Layer
41,classes_conv2_block1_3_conv,1,128,0,Ranger_Ranger_Layer
42,classes_conv2_block1_3_conv,2,128,0,Ranger_Ranger_Layer
43,classes_conv2_block1_3_conv,3,128,1,Ranger_Ranger_Layer
44,classes_conv2_block1_3_conv,4,128,0,Ranger_Ranger_Layer
45,classes_conv2_block1_3_conv,5,128,3,Ranger_Ranger_Layer
46,classes_conv2_block1_3_conv,6,128,2,Ranger_Ranger_Layer
47,classes_conv2_block1_3_conv,7,128,0,Ranger_Ranger_Layer
48,classes_conv2_block1_3_conv,8,128,0,Ranger_Ranger_Layer
49,classes_conv2_block1_3_conv,9,128,0,Ranger_Ranger_Layer
50,classes_conv2_block2_1_conv,0,128,0,Ranger_Ranger_Layer
51,classes_conv2_block2_1_conv,1,128,0,Ranger_Ranger_Layer
52,classes_conv2_block2_1_conv,2,128,0,Ranger_Ranger_Layer
53,classes_conv2_block2_1_conv,3,128,0,Ranger_Ranger_Layer
54,classes_conv2_block2_1_conv,4,128,0,Ranger_Ranger_Layer
55,classes_conv2_block2_1_conv,5,128,0,Ranger_Ranger_Layer
56,classes_conv2_block2_1_conv,6,128,0,Ranger_Ranger_Layer
57,classes_conv2_block2_1_conv,7,128,0,Ranger_Ranger_Layer
58,classes_conv2_block2_1_conv,8,128,0,Ranger_Ranger_Layer
59,classes_conv2_block2_1_conv,9,128,0,Ranger_Ranger_Layer
60,classes_conv2_block2_2_conv,0,128,0,Ranger_Ranger_Layer
61,classes_conv2_block2_2_conv,1,128,0,Ranger_Ranger_Layer
62,classes_conv2_block2_2_conv,2,128,0,Ranger_Ranger_Layer
63,classes_conv2_block2_2_conv,3,128,0,Ranger_Ranger_Layer
64,classes_conv2_block2_2_conv,4,128,0,Ranger_Ranger_Layer
65,classes_conv2_block2_2_conv,5,128,0,Ranger_Ranger_Layer
66,classes_conv2_block2_2_conv,6,128,1,Ranger_Ranger_Layer
67,classes_conv2_block2_2_conv,7,128,3,Ranger_Ranger_Layer
68,classes_conv2_block2_2_conv,8,128,0,Ranger_Ranger_Layer
69,classes_conv2_block2_2_conv,9,128,0,Ranger_Ranger_Layer
70,classes_conv2_block2_3_conv,0,128,0,Ranger_Ranger_Layer
71,classes_conv2_block2_3_conv,1,128,0,Ranger_Ranger_Layer
72,classes_conv2_block2_3_conv,2,128,0,Ranger_Ranger_Layer
73,classes_conv2_block2_3_conv,3,128,0,Ranger_Ranger_Layer
74,classes_conv2_block2_3_conv,4,128,0,Ranger_Ranger_Layer
75,classes_conv2_block2_3_conv,5,128,0,Ranger_Ranger_Layer
76,classes_conv2_block2_3_conv,6,128,0,Ranger_Ranger_Layer
77,classes_conv2_block2_3_conv,7,128,0,Ranger_Ranger_Layer
78,classes_conv2_block2_3_conv,8,128,0,Ranger_Ranger_Layer
79,classes_conv2_block2_3_conv,9,128,0,Ranger_Ranger_Layer
80,classes_conv2_block3_1_conv,0,128,0,Ranger_Ranger_Layer
81,classes_conv2_block3_1_conv,1,128,0,Ranger_Ranger_Layer
82,classes_conv2_block3_1_conv,2,128,0,Ranger_Ranger_Layer
83,classes_conv2_block3_1_conv,3,128,0,Ranger_Ranger_Layer
84,classes_conv2_block3_1_conv,4,128,0,Ranger_Ranger_Layer
85,classes_conv2_block3_1_conv,5,128,0,Ranger_Ranger_Layer
86,classes_conv2_block3_1_conv,6,128,0,Ranger_Ranger_Layer
87,classes_conv2_block3_1_conv,7,128,0,Ranger_Ranger_Layer
88,classes_conv2_block3_1_conv,8,128,0,Ranger_Ranger_Layer
89,classes_conv2_block3_1_conv,9,128,0,Ranger_Ranger_Layer
90,classes_conv2_block3_2_conv,0,128,1,Ranger_Ranger_Layer
91,classes_conv2_block3_2_conv,1,128,0,Ranger_Ranger_Layer
92,classes_conv2_block3_2_conv,2,128,0,Ranger_Ranger_Layer
93,classes_conv2_block3_2_conv,3,128,0,Ranger_Ranger_Layer
94,classes_conv2_block3_2_conv,4,128,0,Ranger_Ranger_Layer
95,classes_conv2_block3_2_conv,5,128,0,Ranger_Ranger_Layer
96,classes_conv2_block3_2_conv,6,128,3,Ranger_Ranger_Layer
97,classes_conv2_block3_2_conv,7,128,10,Ranger_Ranger_Layer
98,classes_conv2_block3_2_conv,8,128,2,Ranger_Ranger_Layer
99,classes_conv2_block3_2_conv,9,128,0,Ranger_Ranger_Layer
100,classes_conv2_block3_3_conv,0,128,0,Ranger_Ranger_Layer
101,classes_conv2_block3_3_conv,1,128,0,Ranger_Ranger_Layer
102,classes_conv2_block3_3_conv,2,128,0,Ranger_Ranger_Layer
103,classes_conv2_block3_3_conv,3,128,0,Ranger_Ranger_Layer
104,classes_conv2_block3_3_conv,4,128,0,Ranger_Ranger_Layer
105,classes_conv2_block3_3_conv,5,128,0,Ranger_Ranger_Layer
106,classes_conv2_block3_3_conv,6,128,0,Ranger_Ranger_Layer
107,classes_conv2_block3_3_conv,7,128,0,Ranger_Ranger_Layer
108,classes_conv2_block3_3_conv,8,128,0,Ranger_Ranger_Layer
109,classes_conv2_block3_3_conv,9,128,0,Ranger_Ranger_Layer
110,classes_conv3_block1_1_conv,0,128,0,Ranger_Ranger_Layer
111,classes_conv3_block1_1_conv,1,128,0,Ranger_Ranger_Layer
112,classes_conv3_block1_1_conv,2,128,0,Ranger_Ranger_Layer
113,classes_conv3_block1_1_conv,3,128,0,Ranger_Ranger_Layer
114,classes_conv3_block1_1_conv,4,128,0,Ranger_Ranger_Layer
115,classes_conv3_block1_1_conv,5,128,0,Ranger_Ranger_Layer
116,classes_conv3_block1_1_conv,6,128,0,Ranger_Ranger_Layer
117,classes_conv3_block1_1_conv,7,128,0,Ranger_Ranger_Layer
118,classes_conv3_block1_1_conv,8,128,0,Ranger_Ranger_Layer
119,classes_conv3_block1_1_conv,9,128,0,Ranger_Ranger_Layer
120,classes_conv3_block1_2_conv,0,128,0,Ranger_Ranger_Layer
121,classes_conv3_block1_2_conv,1,128,0,Ranger_Ranger_Layer
122,classes_conv3_block1_2_conv,2,128,0,Ranger_Ranger_Layer
123,classes_conv3_block1_2_conv,3,128,0,Ranger_Ranger_Layer
124,classes_conv3_block1_2_conv,4,128,0,Ranger_Ranger_Layer
125,classes_conv3_block1_2_conv,5,128,0,Ranger_Ranger_Layer
126,classes_conv3_block1_2_conv,6,128,0,Ranger_Ranger_Layer
127,classes_conv3_block1_2_conv,7,128,0,Ranger_Ranger_Layer
128,classes_conv3_block1_2_conv,8,128,0,Ranger_Ranger_Layer
129,classes_conv3_block1_2_conv,9,128,0,Ranger_Ranger_Layer
130,classes_conv3_block1_0_conv,0,128,0,Ranger_Ranger_Layer
131,classes_conv3_block1_0_conv,1,128,0,Ranger_Ranger_Layer
132,classes_conv3_block1_0_conv,2,128,0,Ranger_Ranger_Layer
133,classes_conv3_block1_0_conv,3,128,0,Ranger_Ranger_Layer
134,classes_conv3_block1_0_conv,4,128,0,Ranger_Ranger_Layer
135,classes_conv3_block1_0_conv,5,128,0,Ranger_Ranger_Layer
136,classes_conv3_block1_0_conv,6,128,0,Ranger_Ranger_Layer
137,classes_conv3_block1_0_conv,7,128,0,Ranger_Ranger_Layer
138,classes_conv3_block1_0_conv,8,128,1,Ranger_Ranger_Layer
139,classes_conv3_block1_0_conv,9,128,0,Ranger_Ranger_Layer
140,classes_conv3_block1_3_conv,0,128,0,Ranger_Ranger_Layer
141,classes_conv3_block1_3_conv,1,128,0,Ranger_Ranger_Layer
142,classes_conv3_block1_3_conv,2,128,0,Ranger_Ranger_Layer
143,classes_conv3_block1_3_conv,3,128,0,Ranger_Ranger_Layer
144,classes_conv3_block1_3_conv,4,128,0,Ranger_Ranger_Layer
145,classes_conv3_block1_3_conv,5,128,0,Ranger_Ranger_Layer
146,classes_conv3_block1_3_conv,6,128,0,Ranger_Ranger_Layer
147,classes_conv3_block1_3_conv,7,128,0,Ranger_Ranger_Layer
148,classes_conv3_block1_3_conv,8,128,0,Ranger_Ranger_Layer
149,classes_conv3_block1_3_conv,9,128,0,Ranger_Ranger_Layer
150,classes_conv3_block2_1_conv,0,128,0,Ranger_Ranger_Layer
151,classes_conv3_block2_1_conv,1,128,0,Ranger_Ranger_Layer
152,classes_conv3_block2_1_conv,2,128,0,Ranger_Ranger_Layer
153,classes_conv3_block2_1_conv,3,128,0,Ranger_Ranger_Layer
154,classes_conv3_block2_1_conv,4,128,0,Ranger_Ranger_Layer
155,classes_conv3_block2_1_conv,5,128,0,Ranger_Ranger_Layer
156,classes_conv3_block2_1_conv,6,128,0,Ranger_Ranger_Layer
157,classes_conv3_block2_1_conv,7,128,0,Ranger_Ranger_Layer
158,classes_conv3_block2_1_conv,8,128,0,Ranger_Ranger_Layer
159,classes_conv3_block2_1_conv,9,128,0,Ranger_Ranger_Layer
160,classes_conv3_block2_2_conv,0,128,0,Ranger_Ranger_Layer
161,classes_conv3_block2_2_conv,1,128,0,Ranger_Ranger_Layer
162,classes_conv3_block2_2_conv,2,128,0,Ranger_Ranger_Layer
163,classes_conv3_block2_2_conv,3,128,0,Ranger_Ranger_Layer
164,classes_conv3_block2_2_conv,4,128,0,Ranger_Ranger_Layer
165,classes_conv3_block2_2_conv,5,128,0,Ranger_Ranger_Layer
166,classes_conv3_block2_2_conv,6,128,0,Ranger_Ranger_Layer
167,classes_conv3_block2_2_conv,7,128,0,Ranger_Ranger_Layer
168,classes_conv3_block2_2_conv,8,128,0,Ranger_Ranger_Layer
169,classes_conv3_block2_2_conv,9,128,0,Ranger_Ranger_Layer
170,classes_conv3_block2_3_conv,0,128,0,Ranger_Ranger_Layer
171,classes_conv3_block2_3_conv,1,128,0,Ranger_Ranger_Layer
172,classes_conv3_block2_3_conv,2,128,0,Ranger_Ranger_Layer
173,classes_conv3_block2_3_conv,3,128,0,Ranger_Ranger_Layer
174,classes_conv3_block2_3_conv,4,128,0,Ranger_Ranger_Layer
175,classes_conv3_block2_3_conv,5,128,0,Ranger_Ranger_Layer
176,classes_conv3_block2_3_conv,6,128,0,Ranger_Ranger_Layer
177,classes_conv3_block2_3_conv,7,128,0,Ranger_Ranger_Layer
178,classes_conv3_block2_3_conv,8,128,1,Ranger_Ranger_Layer
179,classes_conv3_block2_3_conv,9,128,0,Ranger_Ranger_Layer
180,classes_conv3_block3_1_conv,0,128,0,Ranger_Ranger_Layer
181,classes_conv3_block3_1_conv,1,128,0,Ranger_Ranger_Layer
182,classes_conv3_block3_1_conv,2,128,0,Ranger_Ranger_Layer
183,classes_conv3_block3_1_conv,3,128,0,Ranger_Ranger_Layer
184,classes_conv3_block3_1_conv,4,128,0,Ranger_Ranger_Layer
185,classes_conv3_block3_1_conv,5,128,0,Ranger_Ranger_Layer
186,classes_conv3_block3_1_conv,6,128,0,Ranger_Ranger_Layer
187,classes_conv3_block3_1_conv,7,128,0,Ranger_Ranger_Layer
188,classes_conv3_block3_1_conv,8,128,0,Ranger_Ranger_Layer
189,classes_conv3_block3_1_conv,9,128,0,Ranger_Ranger_Layer
190,classes_conv3_block3_2_conv,0,128,0,Ranger_Ranger_Layer
191,classes_conv3_block3_2_conv,1,128,0,Ranger_Ranger_Layer
192,classes_conv3_block3_2_conv,2,128,0,Ranger_Ranger_Layer
193,classes_conv3_block3_2_conv,3,128,0,Ranger_Ranger_Layer
194,classes_conv3_block3_2_conv,4,128,0,Ranger_Ranger_Layer
195,classes_conv3_block3_2_conv,5,128,0,Ranger_Ranger_Layer
196,classes_conv3_block3_2_conv,6,128,0,Ranger_Ranger_Layer
197,classes_conv3_block3_2_conv,7,128,0,Ranger_Ranger_Layer
198,classes_conv3_block3_2_conv,8,128,0,Ranger_Ranger_Layer
199,classes_conv3_block3_2_conv,9,128,0,Ranger_Ranger_Layer
200,classes_conv3_block3_3_conv,0,128,0,Ranger_Ranger_Layer
201,classes_conv3_block3_3_conv,1,128,0,Ranger_Ranger_Layer
202,classes_conv3_block3_3_conv,2,128,0,Ranger_Ranger_Layer
203,classes_conv3_block3_3_conv,3,128,0,Ranger_Ranger_Layer
204,classes_conv3_block3_3_conv,4,128,0,Ranger_Ranger_Layer
205,classes_conv3_block3_3_conv,5,128,0,Ranger_Ranger_Layer
206,classes_conv3_block3_3_conv,6,128,0,Ranger_Ranger_Layer
207,classes_conv3_block3_3_conv,7,128,0,Ranger_Ranger_Layer
208,classes_conv3_block3_3_conv,8,128,2,Ranger_Ranger_Layer
209,classes_conv3_block3_3_conv,9,128,0,Ranger_Ranger_Layer
210,classes_conv3_block4_1_conv,0,128,0,Ranger_Ranger_Layer
211,classes_conv3_block4_1_conv,1,128,0,Ranger_Ranger_Layer
212,classes_conv3_block4_1_conv,2,128,0,Ranger_Ranger_Layer
213,classes_conv3_block4_1_conv,3,128,0,Ranger_Ranger_Layer
214,classes_conv3_block4_1_conv,4,128,0,Ranger_Ranger_Layer
215,classes_conv3_block4_1_conv,5,128,0,Ranger_Ranger_Layer
216,classes_conv3_block4_1_conv,6,128,0,Ranger_Ranger_Layer
217,classes_conv3_block4_1_conv,7,128,0,Ranger_Ranger_Layer
218,classes_conv3_block4_1_conv,8,128,0,Ranger_Ranger_Layer
219,classes_conv3_block4_1_conv,9,128,0,Ranger_Ranger_Layer
220,classes_conv3_block4_2_conv,0,128,0,Ranger_Ranger_Layer
221,classes_conv3_block4_2_conv,1,128,0,Ranger_Ranger_Layer
222,classes_conv3_block4_2_conv,2,128,0,Ranger_Ranger_Layer
223,classes_conv3_block4_2_conv,3,128,0,Ranger_Ranger_Layer
224,classes_conv3_block4_2_conv,4,128,0,Ranger_Ranger_Layer
225,classes_conv3_block4_2_conv,5,128,0,Ranger_Ranger_Layer
226,classes_conv3_block4_2_conv,6,128,0,Ranger_Ranger_Layer
227,classes_conv3_block4_2_conv,7,128,0,Ranger_Ranger_Layer
228,classes_conv3_block4_2_conv,8,128,0,Ranger_Ranger_Layer
229,classes_conv3_block4_2_conv,9,128,0,Ranger_Ranger_Layer
230,classes_conv3_block4_3_conv,0,128,0,Ranger_Ranger_Layer
231,classes_conv3_block4_3_conv,1,128,0,Ranger_Ranger_Layer
232,classes_conv3_block4_3_conv,2,128,0,Ranger_Ranger_Layer
233,classes_conv3_block4_3_conv,3,128,0,Ranger_Ranger_Layer
234,classes_conv3_block4_3_conv,4,128,0,Ranger_Ranger_Layer
235,classes_conv3_block4_3_conv,5,128,0,Ranger_Ranger_Layer
236,classes_conv3_block4_3_conv,6,128,0,Ranger_Ranger_Layer
237,classes_conv3_block4_3_conv,7,128,0,Ranger_Ranger_Layer
238,classes_conv3_block4_3_conv,8,128,0,Ranger_Ranger_Layer
239,classes_conv3_block4_3_conv,9,128,0,Ranger_Ranger_Layer
240,classes_conv4_block1_1_conv,0,128,0,Ranger_Ranger_Layer
241,classes_conv4_block1_1_conv,1,128,2,Ranger_Ranger_Layer
242,classes_conv4_block1_1_conv,2,128,9,Ranger_Ranger_Layer
243,classes_conv4_block1_1_conv,3,128,6,Ranger_Ranger_Layer
244,classes_conv4_block1_1_conv,4,128,0,Ranger_Ranger_Layer
245,classes_conv4_block1_1_conv,5,128,2,Ranger_Ranger_Layer
246,classes_conv4_block1_1_conv,6,128,1,Ranger_Ranger_Layer
247,classes_conv4_block1_1_conv,7,128,6,Ranger_Ranger_Layer
248,classes_conv4_block1_1_conv,8,128,7,Ranger_Ranger_Layer
249,classes_conv4_block1_1_conv,9,128,1,Ranger_Ranger_Layer
250,classes_conv4_block1_2_conv,0,128,6,Ranger_Ranger_Layer
251,classes_conv4_block1_2_conv,1,128,8,Ranger_Ranger_Layer
252,classes_conv4_block1_2_conv,2,128,12,Ranger_Ranger_Layer
253,classes_conv4_block1_2_conv,3,128,11,Ranger_Ranger_Layer
254,classes_conv4_block1_2_conv,4,128,4,Ranger_Ranger_Layer
255,classes_conv4_block1_2_conv,5,128,6,Ranger_Ranger_Layer
256,classes_conv4_block1_2_conv,6,128,16,Ranger_Ranger_Layer
257,classes_conv4_block1_2_conv,7,128,16,Ranger_Ranger_Layer
258,classes_conv4_block1_2_conv,8,128,17,Ranger_Ranger_Layer
259,classes_conv4_block1_2_conv,9,128,11,Ranger_Ranger_Layer
260,classes_conv4_block1_0_conv,0,128,1,Ranger_Ranger_Layer
261,classes_conv4_block1_0_conv,1,128,1,Ranger_Ranger_Layer
262,classes_conv4_block1_0_conv,2,128,2,Ranger_Ranger_Layer
263,classes_conv4_block1_0_conv,3,128,0,Ranger_Ranger_Layer
264,classes_conv4_block1_0_conv,4,128,1,Ranger_Ranger_Layer
265,classes_conv4_block1_0_conv,5,128,2,Ranger_Ranger_Layer
266,classes_conv4_block1_0_conv,6,128,6,Ranger_Ranger_Layer
267,classes_conv4_block1_0_conv,7,128,3,Ranger_Ranger_Layer
268,classes_conv4_block1_0_conv,8,128,6,Ranger_Ranger_Layer
269,classes_conv4_block1_0_conv,9,128,1,Ranger_Ranger_Layer
270,classes_conv4_block1_3_conv,0,128,4,Ranger_Ranger_Layer
271,classes_conv4_block1_3_conv,1,128,2,Ranger_Ranger_Layer
272,classes_conv4_block1_3_conv,2,128,2,Ranger_Ranger_Layer
273,classes_conv4_block1_3_conv,3,128,1,Ranger_Ranger_Layer
274,classes_conv4_block1_3_conv,4,128,2,Ranger_Ranger_Layer
275,classes_conv4_block1_3_conv,5,128,1,Ranger_Ranger_Layer
276,classes_conv4_block1_3_conv,6,128,4,Ranger_Ranger_Layer
277,classes_conv4_block1_3_conv,7,128,3,Ranger_Ranger_Layer
278,classes_conv4_block1_3_conv,8,128,2,Ranger_Ranger_Layer
279,classes_conv4_block1_3_conv,9,128,1,Ranger_Ranger_Layer
280,classes_conv4_block2_1_conv,0,128,0,Ranger_Ranger_Layer
281,classes_conv4_block2_1_conv,1,128,0,Ranger_Ranger_Layer
282,classes_conv4_block2_1_conv,2,128,0,Ranger_Ranger_Layer
283,classes_conv4_block2_1_conv,3,128,0,Ranger_Ranger_Layer
284,classes_conv4_block2_1_conv,4,128,0,Ranger_Ranger_Layer
285,classes_conv4_block2_1_conv,5,128,0,Ranger_Ranger_Layer
286,classes_conv4_block2_1_conv,6,128,0,Ranger_Ranger_Layer
287,classes_conv4_block2_1_conv,7,128,0,Ranger_Ranger_Layer
288,classes_conv4_block2_1_conv,8,128,0,Ranger_Ranger_Layer
289,classes_conv4_block2_1_conv,9,128,0,Ranger_Ranger_Layer
290,classes_conv4_block2_2_conv,0,128,0,Ranger_Ranger_Layer
291,classes_conv4_block2_2_conv,1,128,0,Ranger_Ranger_Layer
292,classes_conv4_block2_2_conv,2,128,0,Ranger_Ranger_Layer
293,classes_conv4_block2_2_conv,3,128,0,Ranger_Ranger_Layer
294,classes_conv4_block2_2_conv,4,128,0,Ranger_Ranger_Layer
295,classes_conv4_block2_2_conv,5,128,0,Ranger_Ranger_Layer
296,classes_conv4_block2_2_conv,6,128,0,Ranger_Ranger_Layer
297,classes_conv4_block2_2_conv,7,128,0,Ranger_Ranger_Layer
298,classes_conv4_block2_2_conv,8,128,0,Ranger_Ranger_Layer
299,classes_conv4_block2_2_conv,9,128,0,Ranger_Ranger_Layer
300,classes_conv4_block2_3_conv,0,128,0,Ranger_Ranger_Layer
301,classes_conv4_block2_3_conv,1,128,0,Ranger_Ranger_Layer
302,classes_conv4_block2_3_conv,2,128,0,Ranger_Ranger_Layer
303,classes_conv4_block2_3_conv,3,128,0,Ranger_Ranger_Layer
304,classes_conv4_block2_3_conv,4,128,0,Ranger_Ranger_Layer
305,classes_conv4_block2_3_conv,5,128,0,Ranger_Ranger_Layer
306,classes_conv4_block2_3_conv,6,128,0,Ranger_Ranger_Layer
307,classes_conv4_block2_3_conv,7,128,0,Ranger_Ranger_Layer
308,classes_conv4_block2_3_conv,8,128,0,Ranger_Ranger_Layer
309,classes_conv4_block2_3_conv,9,128,0,Ranger_Ranger_Layer
310,classes_conv4_block3_1_conv,0,128,0,Ranger_Ranger_Layer
311,classes_conv4_block3_1_conv,1,128,0,Ranger_Ranger_Layer
312,classes_conv4_block3_1_conv,2,128,0,Ranger_Ranger_Layer
313,classes_conv4_block3_1_conv,3,128,0,Ranger_Ranger_Layer
314,classes_conv4_block3_1_conv,4,128,0,Ranger_Ranger_Layer
315,classes_conv4_block3_1_conv,5,128,0,Ranger_Ranger_Layer
316,classes_conv4_block3_1_conv,6,128,0,Ranger_Ranger_Layer
317,classes_conv4_block3_1_conv,7,128,0,Ranger_Ranger_Layer
318,classes_conv4_block3_1_conv,8,128,0,Ranger_Ranger_Layer
319,classes_conv4_block3_1_conv,9,128,0,Ranger_Ranger_Layer
320,classes_conv4_block3_2_conv,0,128,0,Ranger_Ranger_Layer
321,classes_conv4_block3_2_conv,1,128,0,Ranger_Ranger_Layer
322,classes_conv4_block3_2_conv,2,128,0,Ranger_Ranger_Layer
323,classes_conv4_block3_2_conv,3,128,0,Ranger_Ranger_Layer
324,classes_conv4_block3_2_conv,4,128,0,Ranger_Ranger_Layer
325,classes_conv4_block3_2_conv,5,128,0,Ranger_Ranger_Layer
326,classes_conv4_block3_2_conv,6,128,0,Ranger_Ranger_Layer
327,classes_conv4_block3_2_conv,7,128,0,Ranger_Ranger_Layer
328,classes_conv4_block3_2_conv,8,128,0,Ranger_Ranger_Layer
329,classes_conv4_block3_2_conv,9,128,0,Ranger_Ranger_Layer
330,classes_conv4_block3_3_conv,0,128,0,Ranger_Ranger_Layer
331,classes_conv4_block3_3_conv,1,128,0,Ranger_Ranger_Layer
332,classes_conv4_block3_3_conv,2,128,0,Ranger_Ranger_Layer
333,classes_conv4_block3_3_conv,3,128,0,Ranger_Ranger_Layer
334,classes_conv4_block3_3_conv,4,128,0,Ranger_Ranger_Layer
335,classes_conv4_block3_3_conv,5,128,0,Ranger_Ranger_Layer
336,classes_conv4_block3_3_conv,6,128,0,Ranger_Ranger_Layer
337,classes_conv4_block3_3_conv,7,128,0,Ranger_Ranger_Layer
338,classes_conv4_block3_3_conv,8,128,0,Ranger_Ranger_Layer
339,classes_conv4_block3_3_conv,9,128,0,Ranger_Ranger_Layer
340,classes_conv4_block4_1_conv,0,128,0,Ranger_Ranger_Layer
341,classes_conv4_block4_1_conv,1,128,0,Ranger_Ranger_Layer
342,classes_conv4_block4_1_conv,2,128,0,Ranger_Ranger_Layer
343,classes_conv4_block4_1_conv,3,128,0,Ranger_Ranger_Layer
344,classes_conv4_block4_1_conv,4,128,0,Ranger_Ranger_Layer
345,classes_conv4_block4_1_conv,5,128,0,Ranger_Ranger_Layer
346,classes_conv4_block4_1_conv,6,128,0,Ranger_Ranger_Layer
347,classes_conv4_block4_1_conv,7,128,0,Ranger_Ranger_Layer
348,classes_conv4_block4_1_conv,8,128,0,Ranger_Ranger_Layer
349,classes_conv4_block4_1_conv,9,128,0,Ranger_Ranger_Layer
350,classes_conv4_block4_2_conv,0,128,0,Ranger_Ranger_Layer
351,classes_conv4_block4_2_conv,1,128,0,Ranger_Ranger_Layer
352,classes_conv4_block4_2_conv,2,128,0,Ranger_Ranger_Layer
353,classes_conv4_block4_2_conv,3,128,0,Ranger_Ranger_Layer
354,classes_conv4_block4_2_conv,4,128,0,Ranger_Ranger_Layer
355,classes_conv4_block4_2_conv,5,128,0,Ranger_Ranger_Layer
356,classes_conv4_block4_2_conv,6,128,0,Ranger_Ranger_Layer
357,classes_conv4_block4_2_conv,7,128,0,Ranger_Ranger_Layer
358,classes_conv4_block4_2_conv,8,128,0,Ranger_Ranger_Layer
359,classes_conv4_block4_2_conv,9,128,0,Ranger_Ranger_Layer
360,classes_conv4_block4_3_conv,0,128,0,Ranger_Ranger_Layer
361,classes_conv4_block4_3_conv,1,128,0,Ranger_Ranger_Layer
362,classes_conv4_block4_3_conv,2,128,0,Ranger_Ranger_Layer
363,classes_conv4_block4_3_conv,3,128,0,Ranger_Ranger_Layer
364,classes_conv4_block4_3_conv,4,128,0,Ranger_Ranger_Layer
365,classes_conv4_block4_3_conv,5,128,0,Ranger_Ranger_Layer
366,classes_conv4_block4_3_conv,6,128,0,Ranger_Ranger_Layer
367,classes_conv4_block4_3_conv,7,128,0,Ranger_Ranger_Layer
368,classes_conv4_block4_3_conv,8,128,0,Ranger_Ranger_Layer
369,classes_conv4_block4_3_conv,9,128,0,Ranger_Ranger_Layer
370,classes_conv4_block5_1_conv,0,128,0,Ranger_Ranger_Layer
371,classes_conv4_block5_1_conv,1,128,0,Ranger_Ranger_Layer
372,classes_conv4_block5_1_conv,2,128,0,Ranger_Ranger_Layer
373,classes_conv4_block5_1_conv,3,128,0,Ranger_Ranger_Layer
374,classes_conv4_block5_1_conv,4,128,0,Ranger_Ranger_Layer
375,classes_conv4_block5_1_conv,5,128,0,Ranger_Ranger_Layer
376,classes_conv4_block5_1_conv,6,128,0,Ranger_Ranger_Layer
377,classes_conv4_block5_1_conv,7,128,0,Ranger_Ranger_Layer
378,classes_conv4_block5_1_conv,8,128,0,Ranger_Ranger_Layer
379,classes_conv4_block5_1_conv,9,128,0,Ranger_Ranger_Layer
380,classes_conv4_block5_2_conv,0,128,0,Ranger_Ranger_Layer
381,classes_conv4_block5_2_conv,1,128,0,Ranger_Ranger_Layer
382,classes_conv4_block5_2_conv,2,128,0,Ranger_Ranger_Layer
383,classes_conv4_block5_2_conv,3,128,0,Ranger_Ranger_Layer
384,classes_conv4_block5_2_conv,4,128,0,Ranger_Ranger_Layer
385,classes_conv4_block5_2_conv,5,128,0,Ranger_Ranger_Layer
386,classes_conv4_block5_2_conv,6,128,0,Ranger_Ranger_Layer
387,classes_conv4_block5_2_conv,7,128,0,Ranger_Ranger_Layer
388,classes_conv4_block5_2_conv,8,128,0,Ranger_Ranger_Layer
389,classes_conv4_block5_2_conv,9,128,0,Ranger_Ranger_Layer
390,classes_conv4_block5_3_conv,0,128,0,Ranger_Ranger_Layer
391,classes_conv4_block5_3_conv,1,128,0,Ranger_Ranger_Layer
392,classes_conv4_block5_3_conv,2,128,2,Ranger_Ranger_Layer
393,classes_conv4_block5_3_conv,3,128,0,Ranger_Ranger_Layer
394,classes_conv4_block5_3_conv,4,128,0,Ranger_Ranger_Layer
395,classes_conv4_block5_3_conv,5,128,0,Ranger_Ranger_Layer
396,classes_conv4_block5_3_conv,6,128,0,Ranger_Ranger_Layer
397,classes_conv4_block5_3_conv,7,128,0,Ranger_Ranger_Layer
398,classes_conv4_block5_3_conv,8,128,2,Ranger_Ranger_Layer
399,classes_conv4_block5_3_conv,9,128,0,Ranger_Ranger_Layer
400,classes_conv4_block6_1_conv,0,128,0,Ranger_Ranger_Layer
401,classes_conv4_block6_1_conv,1,128,0,Ranger_Ranger_Layer
402,classes_conv4_block6_1_conv,2,128,0,Ranger_Ranger_Layer
403,classes_conv4_block6_1_conv,3,128,0,Ranger_Ranger_Layer
404,classes_conv4_block6_1_conv,4,128,0,Ranger_Ranger_Layer
405,classes_conv4_block6_1_conv,5,128,0,Ranger_Ranger_Layer
406,classes_conv4_block6_1_conv,6,128,1,Ranger_Ranger_Layer
407,classes_conv4_block6_1_conv,7,128,0,Ranger_Ranger_Layer
408,classes_conv4_block6_1_conv,8,128,0,Ranger_Ranger_Layer
409,classes_conv4_block6_1_conv,9,128,1,Ranger_Ranger_Layer
410,classes_conv4_block6_2_conv,0,128,3,Ranger_Ranger_Layer
411,classes_conv4_block6_2_conv,1,128,1,Ranger_Ranger_Layer
412,classes_conv4_block6_2_conv,2,128,0,Ranger_Ranger_Layer
413,classes_conv4_block6_2_conv,3,128,0,Ranger_Ranger_Layer
414,classes_conv4_block6_2_conv,4,128,0,Ranger_Ranger_Layer
415,classes_conv4_block6_2_conv,5,128,0,Ranger_Ranger_Layer
416,classes_conv4_block6_2_conv,6,128,0,Ranger_Ranger_Layer
417,classes_conv4_block6_2_conv,7,128,2,Ranger_Ranger_Layer
418,classes_conv4_block6_2_conv,8,128,4,Ranger_Ranger_Layer
419,classes_conv4_block6_2_conv,9,128,1,Ranger_Ranger_Layer
420,classes_conv4_block6_3_conv,0,128,0,Ranger_Ranger_Layer
421,classes_conv4_block6_3_conv,1,128,0,Ranger_Ranger_Layer
422,classes_conv4_block6_3_conv,2,128,0,Ranger_Ranger_Layer
423,classes_conv4_block6_3_conv,3,128,0,Ranger_Ranger_Layer
424,classes_conv4_block6_3_conv,4,128,0,Ranger_Ranger_Layer
425,classes_conv4_block6_3_conv,5,128,0,Ranger_Ranger_Layer
426,classes_conv4_block6_3_conv,6,128,0,Ranger_Ranger_Layer
427,classes_conv4_block6_3_conv,7,128,0,Ranger_Ranger_Layer
428,classes_conv4_block6_3_conv,8,128,1,Ranger_Ranger_Layer
429,classes_conv4_block6_3_conv,9,128,0,Ranger_Ranger_Layer
430,classes_conv5_block1_1_conv,0,128,2,Ranger_Ranger_Layer
431,classes_conv5_block1_1_conv,1,128,7,Ranger_Ranger_Layer
432,classes_conv5_block1_1_conv,2,128,2,Ranger_Ranger_Layer
433,classes_conv5_block1_1_conv,3,128,0,Ranger_Ranger_Layer
434,classes_conv5_block1_1_conv,4,128,5,Ranger_Ranger_Layer
435,classes_conv5_block1_1_conv,5,128,1,Ranger_Ranger_Layer
436,classes_conv5_block1_1_conv,6,128,6,Ranger_Ranger_Layer
437,classes_conv5_block1_1_conv,7,128,6,Ranger_Ranger_Layer
438,classes_conv5_block1_1_conv,8,128,21,Ranger_Ranger_Layer
439,classes_conv5_block1_1_conv,9,128,7,Ranger_Ranger_Layer
440,classes_conv5_block1_2_conv,0,128,47,Ranger_Ranger_Layer
441,classes_conv5_block1_2_conv,1,128,41,Ranger_Ranger_Layer
442,classes_conv5_block1_2_conv,2,128,49,Ranger_Ranger_Layer
443,classes_conv5_block1_2_conv,3,128,41,Ranger_Ranger_Layer
444,classes_conv5_block1_2_conv,4,128,35,Ranger_Ranger_Layer
445,classes_conv5_block1_2_conv,5,128,24,Ranger_Ranger_Layer
446,classes_conv5_block1_2_conv,6,128,56,Ranger_Ranger_Layer
447,classes_conv5_block1_2_conv,7,128,47,Ranger_Ranger_Layer
448,classes_conv5_block1_2_conv,8,128,77,Ranger_Ranger_Layer
449,classes_conv5_block1_2_conv,9,128,49,Ranger_Ranger_Layer
450,classes_conv5_block1_0_conv,0,128,116,Ranger_Ranger_Layer
451,classes_conv5_block1_0_conv,1,128,107,Ranger_Ranger_Layer
452,classes_conv5_block1_0_conv,2,128,110,Ranger_Ranger_Layer
453,classes_conv5_block1_0_conv,3,128,110,Ranger_Ranger_Layer
454,classes_conv5_block1_0_conv,4,128,111,Ranger_Ranger_Layer
455,classes_conv5_block1_0_conv,5,128,98,Ranger_Ranger_Layer
456,classes_conv5_block1_0_conv,6,128,107,Ranger_Ranger_Layer
457,classes_conv5_block1_0_conv,7,128,102,Ranger_Ranger_Layer
458,classes_conv5_block1_0_conv,8,128,123,Ranger_Ranger_Layer
459,classes_conv5_block1_0_conv,9,128,113,Ranger_Ranger_Layer
460,classes_conv5_block1_3_conv,0,128,75,Ranger_Ranger_Layer
461,classes_conv5_block1_3_conv,1,128,73,Ranger_Ranger_Layer
462,classes_conv5_block1_3_conv,2,128,67,Ranger_Ranger_Layer
463,classes_conv5_block1_3_conv,3,128,63,Ranger_Ranger_Layer
464,classes_conv5_block1_3_conv,4,128,69,Ranger_Ranger_Layer
465,classes_conv5_block1_3_conv,5,128,66,Ranger_Ranger_Layer
466,classes_conv5_block1_3_conv,6,128,68,Ranger_Ranger_Layer
467,classes_conv5_block1_3_conv,7,128,61,Ranger_Ranger_Layer
468,classes_conv5_block1_3_conv,8,128,71,Ranger_Ranger_Layer
469,classes_conv5_block1_3_conv,9,128,60,Ranger_Ranger_Layer
470,classes_conv5_block2_1_conv,0,128,68,Ranger_Ranger_Layer
471,classes_conv5_block2_1_conv,1,128,57,Ranger_Ranger_Layer
472,classes_conv5_block2_1_conv,2,128,72,Ranger_Ranger_Layer
473,classes_conv5_block2_1_conv,3,128,64,Ranger_Ranger_Layer
474,classes_conv5_block2_1_conv,4,128,67,Ranger_Ranger_Layer
475,classes_conv5_block2_1_conv,5,128,71,Ranger_Ranger_Layer
476,classes_conv5_block2_1_conv,6,128,68,Ranger_Ranger_Layer
477,classes_conv5_block2_1_conv,7,128,62,Ranger_Ranger_Layer
478,classes_conv5_block2_1_conv,8,128,72,Ranger_Ranger_Layer
479,classes_conv5_block2_1_conv,9,128,84,Ranger_Ranger_Layer
480,classes_conv5_block2_2_conv,0,128,124,Ranger_Ranger_Layer
481,classes_conv5_block2_2_conv,1,128,124,Ranger_Ranger_Layer
482,classes_conv5_block2_2_conv,2,128,121,Ranger_Ranger_Layer
483,classes_conv5_block2_2_conv,3,128,113,Ranger_Ranger_Layer
484,classes_conv5_block2_2_conv,4,128,122,Ranger_Ranger_Layer
485,classes_conv5_block2_2_conv,5,128,117,Ranger_Ranger_Layer
486,classes_conv5_block2_2_conv,6,128,116,Ranger_Ranger_Layer
487,classes_conv5_block2_2_conv,7,128,109,Ranger_Ranger_Layer
488,classes_conv5_block2_2_conv,8,128,121,Ranger_Ranger_Layer
489,classes_conv5_block2_2_conv,9,128,122,Ranger_Ranger_Layer
490,classes_conv5_block2_3_conv,0,128,60,Ranger_Ranger_Layer
491,classes_conv5_block2_3_conv,1,128,70,Ranger_Ranger_Layer
492,classes_conv5_block2_3_conv,2,128,64,Ranger_Ranger_Layer
493,classes_conv5_block2_3_conv,3,128,61,Ranger_Ranger_Layer
494,classes_conv5_block2_3_conv,4,128,67,Ranger_Ranger_Layer
495,classes_conv5_block2_3_conv,5,128,49,Ranger_Ranger_Layer
496,classes_conv5_block2_3_conv,6,128,61,Ranger_Ranger_Layer
497,classes_conv5_block2_3_conv,7,128,61,Ranger_Ranger_Layer
498,classes_conv5_block2_3_conv,8,128,61,Ranger_Ranger_Layer
499,classes_conv5_block2_3_conv,9,128,60,Ranger_Ranger_Layer
500,classes_conv5_block3_1_conv,0,128,81,Ranger_Ranger_Layer
501,classes_conv5_block3_1_conv,1,128,88,Ranger_Ranger_Layer
502,classes_conv5_block3_1_conv,2,128,77,Ranger_Ranger_Layer
503,classes_conv5_block3_1_conv,3,128,82,Ranger_Ranger_Layer
504,classes_conv5_block3_1_conv,4,128,80,Ranger_Ranger_Layer
505,classes_conv5_block3_1_conv,5,128,78,Ranger_Ranger_Layer
506,classes_conv5_block3_1_conv,6,128,87,Ranger_Ranger_Layer
507,classes_conv5_block3_1_conv,7,128,46,Ranger_Ranger_Layer
508,classes_conv5_block3_1_conv,8,128,79,Ranger_Ranger_Layer
509,classes_conv5_block3_1_conv,9,128,78,Ranger_Ranger_Layer
510,classes_conv5_block3_2_conv,0,128,123,Ranger_Ranger_Layer
511,classes_conv5_block3_2_conv,1,128,120,Ranger_Ranger_Layer
512,classes_conv5_block3_2_conv,2,128,123,Ranger_Ranger_Layer
513,classes_conv5_block3_2_conv,3,128,123,Ranger_Ranger_Layer
514,classes_conv5_block3_2_conv,4,128,123,Ranger_Ranger_Layer
515,classes_conv5_block3_2_conv,5,128,121,Ranger_Ranger_Layer
516,classes_conv5_block3_2_conv,6,128,120,Ranger_Ranger_Layer
517,classes_conv5_block3_2_conv,7,128,94,Ranger_Ranger_Layer
518,classes_conv5_block3_2_conv,8,128,121,Ranger_Ranger_Layer
519,classes_conv5_block3_2_conv,9,128,119,Ranger_Ranger_Layer
520,classes_conv5_block3_3_conv,0,128,72,Ranger_Ranger_Layer
521,classes_conv5_block3_3_conv,1,128,57,Ranger_Ranger_Layer
522,classes_conv5_block3_3_conv,2,128,71,Ranger_Ranger_Layer
523,classes_conv5_block3_3_conv,3,128,57,Ranger_Ranger_Layer
524,classes_conv5_block3_3_conv,4,128,65,Ranger_Ranger_Layer
525,classes_conv5_block3_3_conv,5,128,53,Ranger_Ranger_Layer
526,classes_conv5_block3_3_conv,6,128,60,Ranger_Ranger_Layer
527,classes_conv5_block3_3_conv,7,128,60,Ranger_Ranger_Layer
528,classes_conv5_block3_3_conv,8,128,66,Ranger_Ranger_Layer
529,classes_conv5_block3_3_conv,9,128,59,Ranger_Ranger_Layer
